Date,Order_Time,Security_Type,Symbol,Trade_Side,Order_Type,Filled_Qty,Filled_Price,Turnover,Order_Qty,Order_Price,Realized_PnL,Commission,Status,Last_Updated
2014-01-02,09:30:00,Stock,华润双鹤(600062.XSHG),Buy,Market_Order,800Shares,22.29,17832,800Shares,-,0,5.35,Filled,2014-01-02 09:30:00
2014-01-02,09:30:00,Stock,古井贡酒(000596.XSHE),Buy,Market_Order,800Shares,22.3,17840,800Shares,-,0,5.35,Filled,2014-01-02 09:30:00
2014-01-02,09:30:00,Stock,科伦药业(002422.XSHE),Buy,Market_Order,400Shares,45.8,18320,400Shares,-,0,5.5,Filled,2014-01-02 09:30:00
2014-01-02,09:30:00,Stock,山西汾酒(600809.XSHG),Buy,Market_Order,1000Shares,19,19000,1000Shares,-,0,5.7,Filled,2014-01-02 09:30:00
2014-01-02,09:30:00,Stock,上海家化(600315.XSHG),Buy,Market_Order,400Shares,42.71,17084,400Shares,-,0,5.13,Filled,2014-01-02 09:30:00
2014-01-07,09:30:00,Stock,华润双鹤(600062.XSHG),Sell,Market_Order,-400Shares,20.89,-8356,-400Shares,-,-560,13.36,Filled,2014-01-07 09:30:00
2014-01-09,09:30:00,Stock,古井贡酒(000596.XSHE),Sell,Market_Order,-400Shares,21.1,-8440,-400Shares,-,-480,13.44,Filled,2014-01-09 09:30:00
2014-01-09,09:30:00,Stock,山西汾酒(600809.XSHG),Sell,Market_Order,-500Shares,17.8,-8900,-500Shares,-,-600,13.9,Filled,2014-01-09 09:30:00
2014-01-10,09:30:00,Stock,山西汾酒(600809.XSHG),Sell,Market_Order,-500Shares,17.6,-8800,-500Shares,-,-700,13.8,Filled,2014-01-10 09:30:00
2014-01-13,09:30:00,Stock,华润双鹤(600062.XSHG),Sell,Market_Order,-200Shares,20.9,-4180,-200Shares,-,-278,9.18,Filled,2014-01-13 09:30:00
2014-01-14,09:30:00,Stock,华润双鹤(600062.XSHG),Sell,Market_Order,-200Shares,20.41,-4082,-200Shares,-,-376,9.08,Filled,2014-01-14 09:30:00
2014-01-17,09:30:00,Stock,上海家化(600315.XSHG),Sell,Market_Order,-400Shares,38.5,-15400,-400Shares,-,-1684,20.4,Filled,2014-01-17 09:30:00
2014-01-30,09:30:00,Stock,科伦药业(002422.XSHE),Sell,Market_Order,-400Shares,45.38,-18152,-400Shares,-,-168,23.6,Filled,2014-01-30 09:30:00
2014-01-30,09:30:00,Stock,天地科技(600582.XSHG),Buy,Market_Order,2700Shares,6.97,18819,2700Shares,-,0,5.65,Filled,2014-01-30 09:30:00
2014-01-30,09:30:00,Stock,贵州茅台(600519.XSHG),Buy,Market_Order,100Shares,136.5,13650,100Shares,-,0,5,Filled,2014-01-30 09:30:00
2014-01-30,09:30:00,Stock,古井贡酒(000596.XSHE),Buy,Market_Order,300Shares,24.02,7206,300Shares,-,0,5,Filled,2014-01-30 09:30:00
2014-01-30,09:30:00,Stock,中南传媒(601098.XSHG),Buy,Market_Order,1600Shares,11.7,18720,1600Shares,-,0,5.62,Filled,2014-01-30 09:30:00
2014-01-30,09:30:00,Stock,陆家嘴(600663.XSHG),Buy,Market_Order,1000Shares,17.81,17810,1000Shares,-,0,5.34,Filled,2014-01-30 09:30:00
2014-02-12,09:30:00,Stock,天地科技(600582.XSHG),Sell,Market_Order,-1300Shares,8.81,-11453,-1300Shares,-,2392,16.45,Filled,2014-02-12 09:30:00
2014-02-13,09:30:00,Stock,天地科技(600582.XSHG),Sell,Market_Order,-700Shares,8.8,-6160,-700Shares,-,1281,11.16,Filled,2014-02-13 09:30:00
2014-02-14,09:30:00,Stock,天地科技(600582.XSHG),Sell,Market_Order,-300Shares,8.57,-2571,-300Shares,-,480,7.57,Filled,2014-02-14 09:30:00
2014-02-17,09:30:00,Stock,天地科技(600582.XSHG),Sell,Market_Order,-400Shares,9.36,-3744,-400Shares,-,956,8.74,Filled,2014-02-17 09:30:00
2014-02-20,09:30:00,Stock,古井贡酒(000596.XSHE),Sell,Market_Order,-700Shares,23.23,-16261,-700Shares,-,135,21.26,Filled,2014-02-20 09:30:00
2014-02-20,09:30:00,Stock,贵州茅台(600519.XSHG),Sell,Market_Order,-100Shares,149.5,-14950,-100Shares,-,1300,19.95,Filled,2014-02-20 09:30:00
2014-02-20,09:30:00,Stock,中南传媒(601098.XSHG),Sell,Market_Order,-1600Shares,12.88,-20608,-1600Shares,-,1888,26.79,Filled,2014-02-20 09:30:00
2014-02-20,09:30:00,Stock,陆家嘴(600663.XSHG),Sell,Market_Order,-1000Shares,18.08,-18080,-1000Shares,-,270,23.5,Filled,2014-02-20 09:30:00
2014-02-20,09:30:00,Stock,吉林敖东(000623.XSHE),Buy,Market_Order,1100Shares,17.58,19338,1100Shares,-,0,5.8,Filled,2014-02-20 09:30:00
2014-02-20,09:30:00,Stock,新和成(002001.XSHE),Buy,Market_Order,1000Shares,19.6,19600,1000Shares,-,0,5.88,Filled,2014-02-20 09:30:00
2014-02-20,09:30:00,Stock,大有能源(600403.XSHG),Buy,Market_Order,3000Shares,6.82,20460,3000Shares,-,0,6.14,Filled,2014-02-20 09:30:00
2014-02-20,09:30:00,Stock,五粮液(000858.XSHE),Buy,Market_Order,1200Shares,16.1,19320,1200Shares,-,0,5.8,Filled,2014-02-20 09:30:00
2014-02-20,09:30:00,Stock,重庆水务(601158.XSHG),Buy,Market_Order,3500Shares,5.84,20440,3500Shares,-,0,6.13,Filled,2014-02-20 09:30:00
2014-02-24,09:30:00,Stock,吉林敖东(000623.XSHE),Sell,Market_Order,-500Shares,16.6,-8300,-500Shares,-,-490,13.3,Filled,2014-02-24 09:30:00
2014-02-24,09:30:00,Stock,新和成(002001.XSHE),Sell,Market_Order,-500Shares,18.61,-9305,-500Shares,-,-495,14.3,Filled,2014-02-24 09:30:00
2014-02-25,09:30:00,Stock,吉林敖东(000623.XSHE),Sell,Market_Order,-300Shares,16.47,-4941,-300Shares,-,-333,9.94,Filled,2014-02-25 09:30:00
2014-02-25,09:30:00,Stock,重庆水务(601158.XSHG),Sell,Market_Order,-1700Shares,5.51,-9367,-1700Shares,-,-561,14.37,Filled,2014-02-25 09:30:00
2014-02-26,09:30:00,Stock,吉林敖东(000623.XSHE),Sell,Market_Order,-300Shares,16.01,-4803,-300Shares,-,-471,9.8,Filled,2014-02-26 09:30:00
2014-02-26,09:30:00,Stock,新和成(002001.XSHE),Sell,Market_Order,-500Shares,18.2,-9100,-500Shares,-,-700,14.1,Filled,2014-02-26 09:30:00
2014-02-26,09:30:00,Stock,大有能源(600403.XSHG),Sell,Market_Order,-3000Shares,6.19,-18570,-3000Shares,-,-1890,24.14,Filled,2014-02-26 09:30:00
2014-02-26,09:30:00,Stock,五粮液(000858.XSHE),Sell,Market_Order,-600Shares,15.02,-9012,-600Shares,-,-648,14.01,Filled,2014-02-26 09:30:00
2014-02-26,09:30:00,Stock,重庆水务(601158.XSHG),Sell,Market_Order,-1800Shares,5.4,-9720,-1800Shares,-,-792,14.72,Filled,2014-02-26 09:30:00
2014-02-26,09:30:00,Stock,五粮液(000858.XSHE),Sell,Market_Order,-400Shares,15.02,-6008,-400Shares,-,-432,11.01,Filled,2014-02-26 09:30:00
2014-02-27,09:30:00,Stock,五粮液(000858.XSHE),Sell,Market_Order,-100Shares,15.13,-1513,-100Shares,-,-97,6.51,Filled,2014-02-27 09:30:00
2014-03-06,09:30:00,Stock,华夏幸福(600340.XSHG),Buy,Market_Order,900Shares,20.2,18180,900Shares,-,0,5.45,Filled,2014-03-06 09:30:00
2014-03-06,09:30:00,Stock,五粮液(000858.XSHE),Buy,Market_Order,1000Shares,16.1,16100,1000Shares,-,0,5,Filled,2014-03-06 09:30:00
2014-03-06,09:30:00,Stock,泸州老窖(000568.XSHE),Buy,Market_Order,1100Shares,17.25,18975,1100Shares,-,0,5.69,Filled,2014-03-06 09:30:00
2014-03-06,09:30:00,Stock,张裕A(000869.XSHE),Buy,Market_Order,700Shares,26.12,18284,700Shares,-,0,5.49,Filled,2014-03-06 09:30:00
2014-03-06,09:30:00,Stock,贵州茅台(600519.XSHG),Buy,Market_Order,100Shares,160.21,16021,100Shares,-,0,5,Filled,2014-03-06 09:30:00
2014-03-07,09:30:00,Stock,五粮液(000858.XSHE),Sell,Market_Order,-700Shares,16.09,-11263,-700Shares,-,-7,16.26,Filled,2014-03-07 09:30:00
2014-03-07,09:30:00,Stock,华夏幸福(600340.XSHG),Sell,Market_Order,-600Shares,21.45,-12870,-600Shares,-,750,17.87,Filled,2014-03-07 09:30:00
2014-03-07,09:30:00,Stock,泸州老窖(000568.XSHE),Sell,Market_Order,-700Shares,17.41,-12187,-700Shares,-,112,17.19,Filled,2014-03-07 09:30:00
2014-03-07,09:30:00,Stock,张裕A(000869.XSHE),Sell,Market_Order,-400Shares,25.61,-10244,-400Shares,-,-204,15.24,Filled,2014-03-07 09:30:00
2014-03-10,09:30:00,Stock,五粮液(000858.XSHE),Sell,Market_Order,-200Shares,16,-3200,-200Shares,-,-20,8.2,Filled,2014-03-10 09:30:00
2014-03-10,09:30:00,Stock,泸州老窖(000568.XSHE),Sell,Market_Order,-200Shares,17.38,-3476,-200Shares,-,26,8.48,Filled,2014-03-10 09:30:00
2014-03-11,09:30:00,Stock,张裕A(000869.XSHE),Sell,Market_Order,-100Shares,24.44,-2444,-100Shares,-,-168,7.44,Filled,2014-03-11 09:30:00
2014-03-12,09:30:00,Stock,张裕A(000869.XSHE),Sell,Market_Order,-100Shares,24.5,-2450,-100Shares,-,-162,7.45,Filled,2014-03-12 09:30:00
2014-03-13,09:30:00,Stock,华夏幸福(600340.XSHG),Sell,Market_Order,-300Shares,22.4,-6720,-300Shares,-,660,11.72,Filled,2014-03-13 09:30:00
2014-03-13,09:30:00,Stock,张裕A(000869.XSHE),Sell,Market_Order,-100Shares,24.8,-2480,-100Shares,-,-132,7.48,Filled,2014-03-13 09:30:00
2014-03-13,09:30:00,Stock,泸州老窖(000568.XSHE),Buy,Market_Order,900Shares,17.55,15795,900Shares,-,0,5,Filled,2014-03-13 09:30:00
2014-03-13,09:30:00,Stock,五粮液(000858.XSHE),Buy,Market_Order,900Shares,16.78,15102,900Shares,-,0,5,Filled,2014-03-13 09:30:00
2014-03-13,09:30:00,Stock,山西汾酒(600809.XSHG),Buy,Market_Order,1200Shares,15.9,19080,1200Shares,-,0,5.72,Filled,2014-03-13 09:30:00
2014-03-13,09:30:00,Stock,洋河Shares份(002304.XSHE),Buy,Market_Order,300Shares,49.4,14820,300Shares,-,0,5,Filled,2014-03-13 09:30:00
2014-03-31,09:30:00,Stock,五粮液(000858.XSHE),Sell,Market_Order,-700Shares,16.56,-11592,-700Shares,-,-67.45,16.59,Filled,2014-03-31 09:30:00
2014-03-31,09:30:00,Stock,泸州老窖(000568.XSHE),Sell,Market_Order,-700Shares,17.23,-12061,-700Shares,-,-185.82,17.06,Filled,2014-03-31 09:30:00
2014-03-31,09:30:00,Stock,山西汾酒(600809.XSHG),Sell,Market_Order,-800Shares,15.31,-12248,-800Shares,-,-472,17.25,Filled,2014-03-31 09:30:00
2014-04-01,09:30:00,Stock,五粮液(000858.XSHE),Sell,Market_Order,-200Shares,16.64,-3328,-200Shares,-,-3.27,8.33,Filled,2014-04-01 09:30:00
2014-04-01,09:30:00,Stock,泸州老窖(000568.XSHE),Sell,Market_Order,-200Shares,17.12,-3424,-200Shares,-,-75.09,8.42,Filled,2014-04-01 09:30:00
2014-04-01,09:30:00,Stock,山西汾酒(600809.XSHG),Sell,Market_Order,-200Shares,15.4,-3080,-200Shares,-,-100,8.08,Filled,2014-04-01 09:30:00
2014-04-03,09:30:00,Stock,五粮液(000858.XSHE),Sell,Market_Order,-200Shares,17.34,-3468,-200Shares,-,136.73,8.47,Filled,2014-04-03 09:30:00
2014-04-03,09:30:00,Stock,泸州老窖(000568.XSHE),Sell,Market_Order,-200Shares,17.58,-3516,-200Shares,-,16.91,8.52,Filled,2014-04-03 09:30:00
2014-04-03,09:30:00,Stock,贵州茅台(600519.XSHG),Sell,Market_Order,-100Shares,167.56,-16756,-100Shares,-,735,21.78,Filled,2014-04-03 09:30:00
2014-04-03,09:30:00,Stock,山西汾酒(600809.XSHG),Sell,Market_Order,-200Shares,15.73,-3146,-200Shares,-,-34,8.15,Filled,2014-04-03 09:30:00
2014-04-03,09:30:00,Stock,洋河Shares份(002304.XSHE),Sell,Market_Order,-300Shares,54,-16200,-300Shares,-,1380,21.2,Filled,2014-04-03 09:30:00
2014-04-03,09:30:00,Stock,川投能源(600674.XSHG),Buy,Market_Order,1700Shares,11.32,19244,1700Shares,-,0,5.77,Filled,2014-04-03 09:30:00
2014-04-03,09:30:00,Stock,新和成(002001.XSHE),Buy,Market_Order,900Shares,20.71,18639,900Shares,-,0,5.59,Filled,2014-04-03 09:30:00
2014-04-03,09:30:00,Stock,海螺水泥(600585.XSHG),Buy,Market_Order,1100Shares,17.21,18931,1100Shares,-,0,5.68,Filled,2014-04-03 09:30:00
2014-04-03,09:30:00,Stock,福耀玻璃(600660.XSHG),Buy,Market_Order,2300Shares,8.42,19366,2300Shares,-,0,5.81,Filled,2014-04-03 09:30:00
2014-04-03,09:30:00,Stock,中国神华(601088.XSHG),Buy,Market_Order,1300Shares,14.25,18525,1300Shares,-,0,5.56,Filled,2014-04-03 09:30:00
2014-04-04,09:30:00,Stock,川投能源(600674.XSHG),Sell,Market_Order,-1100Shares,11.08,-12188,-1100Shares,-,-264,17.19,Filled,2014-04-04 09:30:00
2014-04-04,09:30:00,Stock,新和成(002001.XSHE),Sell,Market_Order,-600Shares,20.44,-12264,-600Shares,-,-162,17.26,Filled,2014-04-04 09:30:00
2014-04-04,09:30:00,Stock,海螺水泥(600585.XSHG),Sell,Market_Order,-700Shares,16.93,-11851,-700Shares,-,-196,16.85,Filled,2014-04-04 09:30:00
2014-04-04,09:30:00,Stock,福耀玻璃(600660.XSHG),Sell,Market_Order,-1600Shares,8.37,-13392,-1600Shares,-,-80,18.39,Filled,2014-04-04 09:30:00
2014-04-04,09:30:00,Stock,中国神华(601088.XSHG),Sell,Market_Order,-900Shares,13.96,-12564,-900Shares,-,-261,17.56,Filled,2014-04-04 09:30:00
2014-04-08,09:30:00,Stock,川投能源(600674.XSHG),Sell,Market_Order,-400Shares,11.29,-4516,-400Shares,-,-12,9.52,Filled,2014-04-08 09:30:00
2014-04-08,09:30:00,Stock,海螺水泥(600585.XSHG),Sell,Market_Order,-200Shares,17,-3400,-200Shares,-,-42,8.4,Filled,2014-04-08 09:30:00
2014-04-08,09:30:00,Stock,福耀玻璃(600660.XSHG),Sell,Market_Order,-400Shares,8.38,-3352,-400Shares,-,-16,8.35,Filled,2014-04-08 09:30:00
2014-04-08,09:30:00,Stock,中国神华(601088.XSHG),Sell,Market_Order,-200Shares,14.01,-2802,-200Shares,-,-48,7.8,Filled,2014-04-08 09:30:00
2014-04-18,09:30:00,Stock,福耀玻璃(600660.XSHG),Sell,Market_Order,-300Shares,8.38,-2514,-300Shares,-,-12,7.51,Filled,2014-04-18 09:30:00
2014-04-18,09:30:00,Stock,新和成(002001.XSHE),Buy,Market_Order,600Shares,20.6,12360,600Shares,-,0,5,Filled,2014-04-18 09:30:00
2014-04-18,09:30:00,Stock,海螺水泥(600585.XSHG),Buy,Market_Order,900Shares,17.39,15651,900Shares,-,0,5,Filled,2014-04-18 09:30:00
2014-04-18,09:30:00,Stock,川投能源(600674.XSHG),Buy,Market_Order,1500Shares,11.32,16980,1500Shares,-,0,5.09,Filled,2014-04-18 09:30:00
2014-04-18,09:30:00,Stock,宁波港(601018.XSHG),Buy,Market_Order,7700Shares,2.5,19250,7700Shares,-,0,5.78,Filled,2014-04-18 09:30:00
2014-04-18,09:30:00,Stock,中国神华(601088.XSHG),Buy,Market_Order,1100Shares,14.3,15730,1100Shares,-,0,5,Filled,2014-04-18 09:30:00
2014-04-21,09:30:00,Stock,川投能源(600674.XSHG),Sell,Market_Order,-1100Shares,11.64,-12804,-1100Shares,-,352,17.8,Filled,2014-04-21 09:30:00
2014-04-21,09:30:00,Stock,新和成(002001.XSHE),Sell,Market_Order,-600Shares,20.55,-12330,-600Shares,-,-52,17.33,Filled,2014-04-21 09:30:00
2014-04-21,09:30:00,Stock,海螺水泥(600585.XSHG),Sell,Market_Order,-700Shares,17.28,-12096,-700Shares,-,-54.09,17.1,Filled,2014-04-21 09:30:00
2014-04-21,09:30:00,Stock,中国神华(601088.XSHG),Sell,Market_Order,-900Shares,14.24,-12816,-900Shares,-,-47.08,17.82,Filled,2014-04-21 09:30:00
2014-04-21,09:30:00,Stock,宁波港(601018.XSHG),Sell,Market_Order,-5300Shares,2.5,-13250,-5300Shares,-,0,18.25,Filled,2014-04-21 09:30:00
2014-04-22,09:30:00,Stock,川投能源(600674.XSHG),Sell,Market_Order,-400Shares,11.55,-4620,-400Shares,-,92,9.62,Filled,2014-04-22 09:30:00
2014-04-22,09:30:00,Stock,海螺水泥(600585.XSHG),Sell,Market_Order,-200Shares,16.82,-3364,-200Shares,-,-107.45,8.36,Filled,2014-04-22 09:30:00
2014-04-22,09:30:00,Stock,中国神华(601088.XSHG),Sell,Market_Order,-200Shares,14.12,-2824,-200Shares,-,-34.46,7.82,Filled,2014-04-22 09:30:00
2014-04-22,09:30:00,Stock,宁波港(601018.XSHG),Sell,Market_Order,-1600Shares,2.41,-3856,-1600Shares,-,-144,8.86,Filled,2014-04-22 09:30:00
2014-04-23,09:30:00,Stock,新和成(002001.XSHE),Sell,Market_Order,-100Shares,19.52,-1952,-100Shares,-,-111.67,6.95,Filled,2014-04-23 09:30:00
2014-04-23,09:30:00,Stock,宁波港(601018.XSHG),Sell,Market_Order,-500Shares,2.41,-1205,-500Shares,-,-45,6.2,Filled,2014-04-23 09:30:00
2014-04-28,09:30:00,Stock,新和成(002001.XSHE),Sell,Market_Order,-100Shares,19.36,-1936,-100Shares,-,-127.67,6.94,Filled,2014-04-28 09:30:00
2014-04-28,09:30:00,Stock,宁波港(601018.XSHG),Sell,Market_Order,-100Shares,2.36,-236,-100Shares,-,-14,5.24,Filled,2014-04-28 09:30:00
2014-04-29,09:30:00,Stock,宁波港(601018.XSHG),Sell,Market_Order,-200Shares,2.29,-458,-200Shares,-,-42,5.46,Filled,2014-04-29 09:30:00
2014-05-06,09:30:00,Stock,川投能源(600674.XSHG),Sell,Market_Order,-200Shares,11.68,-2336,-200Shares,-,72,7.34,Filled,2014-05-06 09:30:00
2014-05-06,09:30:00,Stock,新和成(002001.XSHE),Sell,Market_Order,-100Shares,19.66,-1966,-100Shares,-,-97.67,6.97,Filled,2014-05-06 09:30:00
2014-05-06,09:30:00,Stock,海螺水泥(600585.XSHG),Sell,Market_Order,-200Shares,17.16,-3432,-200Shares,-,-39.45,8.43,Filled,2014-05-06 09:30:00
2014-05-06,09:30:00,Stock,中国神华(601088.XSHG),Sell,Market_Order,-200Shares,13.95,-2790,-200Shares,-,-68.46,7.79,Filled,2014-05-06 09:30:00
2014-05-06,09:30:00,Stock,上海机场(600009.XSHG),Buy,Market_Order,1400Shares,13.23,18522,1400Shares,-,0,5.56,Filled,2014-05-06 09:30:00
2014-05-06,09:30:00,Stock,宁波港(601018.XSHG),Buy,Market_Order,8000Shares,2.4,19200,8000Shares,-,0,5.76,Filled,2014-05-06 09:30:00
2014-05-06,09:30:00,Stock,云南白药(000538.XSHE),Buy,Market_Order,200Shares,87,17400,200Shares,-,0,5.22,Filled,2014-05-06 09:30:00
2014-05-06,09:30:00,Stock,洋河Shares份(002304.XSHE),Buy,Market_Order,300Shares,55.7,16710,300Shares,-,0,5.01,Filled,2014-05-06 09:30:00
2014-05-06,09:30:00,Stock,古井贡酒(000596.XSHE),Buy,Market_Order,1000Shares,18.95,18950,1000Shares,-,0,5.68,Filled,2014-05-06 09:30:00
2014-05-07,09:30:00,Stock,上海机场(600009.XSHG),Sell,Market_Order,-900Shares,13.21,-11889,-900Shares,-,-18,16.89,Filled,2014-05-07 09:30:00
2014-05-07,09:30:00,Stock,宁波港(601018.XSHG),Sell,Market_Order,-5600Shares,2.41,-13496,-5600Shares,-,56,18.5,Filled,2014-05-07 09:30:00
2014-05-07,09:30:00,Stock,古井贡酒(000596.XSHE),Sell,Market_Order,-700Shares,19.05,-13335,-700Shares,-,70,18.34,Filled,2014-05-07 09:30:00
2014-05-08,09:30:00,Stock,上海机场(600009.XSHG),Sell,Market_Order,-300Shares,13.28,-3984,-300Shares,-,15,8.98,Filled,2014-05-08 09:30:00
2014-05-08,09:30:00,Stock,宁波港(601018.XSHG),Sell,Market_Order,-1600Shares,2.34,-3744,-1600Shares,-,-96,8.74,Filled,2014-05-08 09:30:00
2014-05-09,09:30:00,Stock,宁波港(601018.XSHG),Sell,Market_Order,-500Shares,2.36,-1180,-500Shares,-,-20,6.18,Filled,2014-05-09 09:30:00
2014-05-20,09:30:00,Stock,宁波港(601018.XSHG),Sell,Market_Order,-300Shares,2.33,-699,-300Shares,-,-21,5.7,Filled,2014-05-20 09:30:00
2014-05-20,09:30:00,Stock,云南白药(000538.XSHE),Sell,Market_Order,-200Shares,86.14,-17228,-200Shares,-,-172,22.4,Filled,2014-05-20 09:30:00
2014-05-20,09:30:00,Stock,古井贡酒(000596.XSHE),Sell,Market_Order,-300Shares,18.55,-5565,-300Shares,-,-120,10.57,Filled,2014-05-20 09:30:00
2014-05-20,09:30:00,Stock,上海机场(600009.XSHG),Buy,Market_Order,1200Shares,13.5,16200,1200Shares,-,0,5,Filled,2014-05-20 09:30:00
2014-05-20,09:30:00,Stock,福耀玻璃(600660.XSHG),Buy,Market_Order,2300Shares,8.08,18584,2300Shares,-,0,5.58,Filled,2014-05-20 09:30:00
2014-05-20,09:30:00,Stock,洛阳钼业(603993.XSHG),Buy,Market_Order,2900Shares,6.39,18531,2900Shares,-,0,5.56,Filled,2014-05-20 09:30:00
2014-05-20,09:30:00,Stock,潞安环能(601699.XSHG),Buy,Market_Order,2300Shares,8.22,18906,2300Shares,-,0,5.67,Filled,2014-05-20 09:30:00
2014-05-21,09:30:00,Stock,上海机场(600009.XSHG),Sell,Market_Order,-900Shares,13.41,-12069,-900Shares,-,-46.29,17.07,Filled,2014-05-21 09:30:00
2014-05-21,09:30:00,Stock,福耀玻璃(600660.XSHG),Sell,Market_Order,-1600Shares,8.01,-12816,-1600Shares,-,-112,17.82,Filled,2014-05-21 09:30:00
2014-05-21,09:30:00,Stock,洛阳钼业(603993.XSHG),Sell,Market_Order,-2000Shares,6.1,-12200,-2000Shares,-,-580,17.2,Filled,2014-05-21 09:30:00
2014-05-21,09:30:00,Stock,潞安环能(601699.XSHG),Sell,Market_Order,-1600Shares,8.06,-12896,-1600Shares,-,-256,17.9,Filled,2014-05-21 09:30:00
2014-05-22,09:30:00,Stock,上海机场(600009.XSHG),Sell,Market_Order,-300Shares,13.58,-4074,-300Shares,-,35.57,9.07,Filled,2014-05-22 09:30:00
2014-05-22,09:30:00,Stock,福耀玻璃(600660.XSHG),Sell,Market_Order,-400Shares,8.1,-3240,-400Shares,-,8,8.24,Filled,2014-05-22 09:30:00
2014-05-22,09:30:00,Stock,洛阳钼业(603993.XSHG),Sell,Market_Order,-600Shares,6.1,-3660,-600Shares,-,-90,8.66,Filled,2014-05-22 09:30:00
2014-05-22,09:30:00,Stock,潞安环能(601699.XSHG),Sell,Market_Order,-400Shares,8.39,-3356,-400Shares,-,68,8.36,Filled,2014-05-22 09:30:00
2014-05-23,09:30:00,Stock,洋河Shares份(002304.XSHE),Sell,Market_Order,-100Shares,52.51,-5251,-100Shares,-,-319,10.25,Filled,2014-05-23 09:30:00
2014-05-30,09:30:00,Stock,潞安环能(601699.XSHG),Sell,Market_Order,-100Shares,7.78,-778,-100Shares,-,-44,5.78,Filled,2014-05-30 09:30:00
2014-06-03,09:30:00,Stock,潞安环能(601699.XSHG),Sell,Market_Order,-100Shares,7.77,-777,-100Shares,-,-45,5.78,Filled,2014-06-03 09:30:00
2014-06-04,09:30:00,Stock,上海机场(600009.XSHG),Sell,Market_Order,-200Shares,13.17,-2634,-200Shares,-,-58.29,7.63,Filled,2014-06-04 09:30:00
2014-06-04,09:30:00,Stock,洋河Shares份(002304.XSHE),Sell,Market_Order,-200Shares,54.67,-10934,-200Shares,-,-206,15.93,Filled,2014-06-04 09:30:00
2014-06-04,09:30:00,Stock,福耀玻璃(600660.XSHG),Sell,Market_Order,-300Shares,8.1,-2430,-300Shares,-,6,7.43,Filled,2014-06-04 09:30:00
2014-06-04,09:30:00,Stock,洛阳钼业(603993.XSHG),Sell,Market_Order,-300Shares,6.29,-1887,-300Shares,-,12,6.89,Filled,2014-06-04 09:30:00
2014-06-04,09:30:00,Stock,潞安环能(601699.XSHG),Sell,Market_Order,-100Shares,7.76,-776,-100Shares,-,-46,5.78,Filled,2014-06-04 09:30:00
2014-06-04,09:30:00,Stock,东华软件(002065.XSHE),Buy,Market_Order,900Shares,19.9,17910,900Shares,-,0,5.37,Filled,2014-06-04 09:30:00
2014-06-04,09:30:00,Stock,长江电力(600900.XSHG),Buy,Market_Order,3000Shares,6.1,18300,3000Shares,-,0,5.49,Filled,2014-06-04 09:30:00
2014-06-04,09:30:00,Stock,凤凰传媒(601928.XSHG),Buy,Market_Order,2100Shares,8.79,18459,2100Shares,-,0,5.54,Filled,2014-06-04 09:30:00
2014-06-04,09:30:00,Stock,燕京啤酒(000729.XSHE),Buy,Market_Order,2700Shares,6.76,18252,2700Shares,-,0,5.48,Filled,2014-06-04 09:30:00
2014-06-04,09:30:00,Stock,重庆水务(601158.XSHG),Buy,Market_Order,3700Shares,5.03,18611,3700Shares,-,0,5.58,Filled,2014-06-04 09:30:00
2014-06-05,09:30:00,Stock,东华软件(002065.XSHE),Sell,Market_Order,-600Shares,19.6,-11760,-600Shares,-,-180,16.76,Filled,2014-06-05 09:30:00
2014-06-05,09:30:00,Stock,长江电力(600900.XSHG),Sell,Market_Order,-2100Shares,6.05,-12705,-2100Shares,-,-105,17.7,Filled,2014-06-05 09:30:00
2014-06-05,09:30:00,Stock,凤凰传媒(601928.XSHG),Sell,Market_Order,-1400Shares,8.67,-12138,-1400Shares,-,-168,17.14,Filled,2014-06-05 09:30:00
2014-06-05,09:30:00,Stock,燕京啤酒(000729.XSHE),Sell,Market_Order,-1800Shares,6.7,-12060,-1800Shares,-,-108,17.06,Filled,2014-06-05 09:30:00
2014-06-05,09:30:00,Stock,重庆水务(601158.XSHG),Sell,Market_Order,-2500Shares,5,-12500,-2500Shares,-,-75,17.5,Filled,2014-06-05 09:30:00
2014-06-06,09:30:00,Stock,长江电力(600900.XSHG),Sell,Market_Order,-600Shares,6.13,-3678,-600Shares,-,18,8.68,Filled,2014-06-06 09:30:00
2014-06-06,09:30:00,Stock,凤凰传媒(601928.XSHG),Sell,Market_Order,-400Shares,8.9,-3560,-400Shares,-,44,8.56,Filled,2014-06-06 09:30:00
2014-06-06,09:30:00,Stock,燕京啤酒(000729.XSHE),Sell,Market_Order,-600Shares,6.78,-4068,-600Shares,-,12,9.07,Filled,2014-06-06 09:30:00
2014-06-06,09:30:00,Stock,重庆水务(601158.XSHG),Sell,Market_Order,-800Shares,5.01,-4008,-800Shares,-,-16,9.01,Filled,2014-06-06 09:30:00
2014-06-09,09:30:00,Stock,重庆水务(601158.XSHG),Sell,Market_Order,-200Shares,4.94,-988,-200Shares,-,-18,5.99,Filled,2014-06-09 09:30:00
2014-06-18,09:30:00,Stock,东华软件(002065.XSHE),Sell,Market_Order,-300Shares,21.35,-6405,-300Shares,-,435,11.4,Filled,2014-06-18 09:30:00
2014-06-18,09:30:00,Stock,长江电力(600900.XSHG),Sell,Market_Order,-300Shares,6.23,-1869,-300Shares,-,39,6.87,Filled,2014-06-18 09:30:00
2014-06-18,09:30:00,Stock,凤凰传媒(601928.XSHG),Sell,Market_Order,-300Shares,8.68,-2604,-300Shares,-,-33,7.6,Filled,2014-06-18 09:30:00
2014-06-18,09:30:00,Stock,燕京啤酒(000729.XSHE),Sell,Market_Order,-300Shares,6.55,-1965,-300Shares,-,-63,6.96,Filled,2014-06-18 09:30:00
2014-06-18,09:30:00,Stock,重庆水务(601158.XSHG),Sell,Market_Order,-200Shares,5.04,-1008,-200Shares,-,2,6.01,Filled,2014-06-18 09:30:00
2014-06-18,09:30:00,Stock,洛阳钼业(603993.XSHG),Buy,Market_Order,3000Shares,6.22,18660,3000Shares,-,0,5.6,Filled,2014-06-18 09:30:00
2014-06-18,09:30:00,Stock,五粮液(000858.XSHE),Buy,Market_Order,1000Shares,17.15,17150,1000Shares,-,0,5.14,Filled,2014-06-18 09:30:00
2014-06-18,09:30:00,Stock,东阿阿胶(000423.XSHE),Buy,Market_Order,500Shares,33.29,16645,500Shares,-,0,5,Filled,2014-06-18 09:30:00
2014-06-18,09:30:00,Stock,兴蓉投资(000598.XSHE),Buy,Market_Order,3800Shares,4.82,18316,3800Shares,-,0,5.49,Filled,2014-06-18 09:30:00
2014-06-18,09:30:00,Stock,中海油服(601808.XSHG),Buy,Market_Order,1000Shares,17.67,17670,1000Shares,-,0,5.3,Filled,2014-06-18 09:30:00
2014-06-19,09:30:00,Stock,洛阳钼业(603993.XSHG),Sell,Market_Order,-2100Shares,6.96,-14616,-2100Shares,-,1554,19.62,Filled,2014-06-19 09:30:00
2014-06-19,09:30:00,Stock,五粮液(000858.XSHE),Sell,Market_Order,-700Shares,17.16,-12012,-700Shares,-,7,17.01,Filled,2014-06-19 09:30:00
2014-06-19,09:30:00,Stock,东阿阿胶(000423.XSHE),Sell,Market_Order,-300Shares,32.82,-9846,-300Shares,-,-141,14.85,Filled,2014-06-19 09:30:00
2014-06-19,09:30:00,Stock,兴蓉投资(000598.XSHE),Sell,Market_Order,-2600Shares,4.78,-12428,-2600Shares,-,-104,17.43,Filled,2014-06-19 09:30:00
2014-06-19,09:30:00,Stock,中海油服(601808.XSHG),Sell,Market_Order,-700Shares,17.48,-12236,-700Shares,-,-133,17.24,Filled,2014-06-19 09:30:00
2014-06-20,09:30:00,Stock,洛阳钼业(603993.XSHG),Sell,Market_Order,-600Shares,6.6,-3960,-600Shares,-,228,8.96,Filled,2014-06-20 09:30:00
2014-06-20,09:30:00,Stock,兴蓉投资(000598.XSHE),Sell,Market_Order,-800Shares,4.7,-3760,-800Shares,-,-96,8.76,Filled,2014-06-20 09:30:00
2014-06-23,09:30:00,Stock,兴蓉投资(000598.XSHE),Sell,Market_Order,-200Shares,4.73,-946,-200Shares,-,-18,5.95,Filled,2014-06-23 09:30:00
2014-07-02,09:30:00,Stock,洛阳钼业(603993.XSHG),Sell,Market_Order,-300Shares,6.75,-2025,-300Shares,-,159,7.02,Filled,2014-07-02 09:30:00
2014-07-02,09:30:00,Stock,兴蓉投资(000598.XSHE),Sell,Market_Order,-200Shares,4.81,-962,-200Shares,-,-2,5.96,Filled,2014-07-02 09:30:00
2014-07-02,09:30:00,Stock,中海油服(601808.XSHG),Sell,Market_Order,-300Shares,17.53,-5259,-300Shares,-,-42,10.26,Filled,2014-07-02 09:30:00
2014-07-02,09:30:00,Stock,五粮液(000858.XSHE),Buy,Market_Order,800Shares,17.03,13624,800Shares,-,0,5,Filled,2014-07-02 09:30:00
2014-07-02,09:30:00,Stock,东阿阿胶(000423.XSHE),Buy,Market_Order,300Shares,33.3,9990,300Shares,-,0,5,Filled,2014-07-02 09:30:00
2014-07-02,09:30:00,Stock,宁波港(601018.XSHG),Buy,Market_Order,8300Shares,2.29,19007,8300Shares,-,0,5.7,Filled,2014-07-02 09:30:00
2014-07-02,09:30:00,Stock,泸州老窖(000568.XSHE),Buy,Market_Order,1100Shares,16.43,18073,1100Shares,-,0,5.42,Filled,2014-07-02 09:30:00
2014-07-02,09:30:00,Stock,贵州茅台(600519.XSHG),Buy,Market_Order,100Shares,142.03,14203,100Shares,-,0,5,Filled,2014-07-02 09:30:00
2014-07-03,09:30:00,Stock,五粮液(000858.XSHE),Sell,Market_Order,-700Shares,17.07,-11949,-700Shares,-,138.73,16.95,Filled,2014-07-03 09:30:00
2014-07-03,09:30:00,Stock,东阿阿胶(000423.XSHE),Sell,Market_Order,-300Shares,33.44,-10032,-300Shares,-,43.2,15.03,Filled,2014-07-03 09:30:00
2014-07-03,09:30:00,Stock,宁波港(601018.XSHG),Sell,Market_Order,-5800Shares,2.35,-13630,-5800Shares,-,348,18.63,Filled,2014-07-03 09:30:00
2014-07-03,09:30:00,Stock,泸州老窖(000568.XSHE),Sell,Market_Order,-700Shares,16.6,-11620,-700Shares,-,119,16.62,Filled,2014-07-03 09:30:00
2014-07-04,09:30:00,Stock,五粮液(000858.XSHE),Sell,Market_Order,-200Shares,17.41,-3482,-200Shares,-,107.64,8.48,Filled,2014-07-04 09:30:00
2014-07-04,09:30:00,Stock,宁波港(601018.XSHG),Sell,Market_Order,-1700Shares,2.37,-4029,-1700Shares,-,136,9.03,Filled,2014-07-04 09:30:00
2014-07-04,09:30:00,Stock,泸州老窖(000568.XSHE),Sell,Market_Order,-200Shares,16.61,-3322,-200Shares,-,36,8.32,Filled,2014-07-04 09:30:00
2014-07-07,09:30:00,Stock,宁波港(601018.XSHG),Sell,Market_Order,-500Shares,2.31,-1155,-500Shares,-,10,6.16,Filled,2014-07-07 09:30:00
2014-07-16,09:30:00,Stock,五粮液(000858.XSHE),Sell,Market_Order,-200Shares,19.23,-3846,-200Shares,-,471.64,8.85,Filled,2014-07-16 09:30:00
2014-07-16,09:30:00,Stock,东阿阿胶(000423.XSHE),Sell,Market_Order,-200Shares,35.48,-7096,-200Shares,-,436.8,12.1,Filled,2014-07-16 09:30:00
2014-07-16,09:30:00,Stock,宁波港(601018.XSHG),Sell,Market_Order,-300Shares,2.3,-690,-300Shares,-,3,5.69,Filled,2014-07-16 09:30:00
2014-07-16,09:30:00,Stock,泸州老窖(000568.XSHE),Sell,Market_Order,-200Shares,17.01,-3402,-200Shares,-,116,8.4,Filled,2014-07-16 09:30:00
2014-07-16,09:30:00,Stock,华润双鹤(600062.XSHG),Buy,Market_Order,1100Shares,16.91,18601,1100Shares,-,0,5.58,Filled,2014-07-16 09:30:00
2014-07-16,09:30:00,Stock,金融街(000402.XSHE),Buy,Market_Order,3300Shares,5.92,19536,3300Shares,-,0,5.86,Filled,2014-07-16 09:30:00
2014-07-16,09:30:00,Stock,中恒集团(600252.XSHG),Buy,Market_Order,1600Shares,12.15,19440,1600Shares,-,0,5.83,Filled,2014-07-16 09:30:00
2014-07-16,09:30:00,Stock,大秦铁路(601006.XSHG),Buy,Market_Order,3000Shares,6.5,19500,3000Shares,-,0,5.85,Filled,2014-07-16 09:30:00
2014-07-30,09:30:00,Stock,华润双鹤(600062.XSHG),Sell,Market_Order,-1100Shares,18,-19800,-1100Shares,-,1199,25.74,Filled,2014-07-30 09:30:00
2014-07-30,09:30:00,Stock,金融街(000402.XSHE),Sell,Market_Order,-3300Shares,6.57,-21681,-3300Shares,-,2145,28.19,Filled,2014-07-30 09:30:00
2014-07-30,09:30:00,Stock,中恒集团(600252.XSHG),Sell,Market_Order,-1600Shares,12.61,-20176,-1600Shares,-,736,26.23,Filled,2014-07-30 09:30:00
2014-07-30,09:30:00,Stock,大秦铁路(601006.XSHG),Sell,Market_Order,-3000Shares,7.15,-21450,-3000Shares,-,1950,27.88,Filled,2014-07-30 09:30:00
2014-07-30,09:30:00,Stock,杰瑞Shares份(002353.XSHE),Buy,Market_Order,500Shares,37.9,18950,500Shares,-,0,5.68,Filled,2014-07-30 09:30:00
2014-07-30,09:30:00,Stock,内蒙君正(601216.XSHG),Buy,Market_Order,3000Shares,6.93,20790,3000Shares,-,0,6.24,Filled,2014-07-30 09:30:00
2014-07-30,09:30:00,Stock,五粮液(000858.XSHE),Buy,Market_Order,1000Shares,19.48,19480,1000Shares,-,0,5.84,Filled,2014-07-30 09:30:00
2014-07-30,09:30:00,Stock,新和成(002001.XSHE),Buy,Market_Order,1400Shares,14.6,20440,1400Shares,-,0,6.13,Filled,2014-07-30 09:30:00
2014-08-13,09:30:00,Stock,贵州茅台(600519.XSHG),Sell,Market_Order,-100Shares,162.04,-16204,-100Shares,-,2001,21.2,Filled,2014-08-13 09:30:00
2014-08-13,09:30:00,Stock,杰瑞Shares份(002353.XSHE),Sell,Market_Order,-500Shares,38.85,-19425,-500Shares,-,475,25.25,Filled,2014-08-13 09:30:00
2014-08-13,09:30:00,Stock,内蒙君正(601216.XSHG),Sell,Market_Order,-3000Shares,8.04,-24120,-3000Shares,-,3330,31.36,Filled,2014-08-13 09:30:00
2014-08-13,09:30:00,Stock,五粮液(000858.XSHE),Sell,Market_Order,-1000Shares,19.18,-19180,-1000Shares,-,-300,24.93,Filled,2014-08-13 09:30:00
2014-08-13,09:30:00,Stock,新和成(002001.XSHE),Sell,Market_Order,-1400Shares,14.48,-20272,-1400Shares,-,-168,26.35,Filled,2014-08-13 09:30:00
2014-08-13,09:30:00,Stock,深圳能源(000027.XSHE),Buy,Market_Order,3400Shares,6.29,21386,3400Shares,-,0,6.42,Filled,2014-08-13 09:30:00
2014-08-13,09:30:00,Stock,三安光电(600703.XSHG),Buy,Market_Order,1300Shares,15.56,20228,1300Shares,-,0,6.07,Filled,2014-08-13 09:30:00
2014-08-13,09:30:00,Stock,上海机场(600009.XSHG),Buy,Market_Order,1500Shares,14.15,21225,1500Shares,-,0,6.37,Filled,2014-08-13 09:30:00
2014-08-13,09:30:00,Stock,中恒集团(600252.XSHG),Buy,Market_Order,1600Shares,13.18,21088,1600Shares,-,0,6.33,Filled,2014-08-13 09:30:00
2014-08-13,09:30:00,Stock,东阿阿胶(000423.XSHE),Buy,Market_Order,500Shares,36.26,18130,500Shares,-,0,5.44,Filled,2014-08-13 09:30:00
2014-08-14,09:30:00,Stock,三安光电(600703.XSHG),Sell,Market_Order,-600Shares,14.78,-8868,-600Shares,-,-468,13.87,Filled,2014-08-14 09:30:00
2014-08-15,09:30:00,Stock,三安光电(600703.XSHG),Sell,Market_Order,-300Shares,14.53,-4359,-300Shares,-,-309,9.36,Filled,2014-08-15 09:30:00
2014-08-18,09:30:00,Stock,三安光电(600703.XSHG),Sell,Market_Order,-200Shares,14.53,-2906,-200Shares,-,-206,7.91,Filled,2014-08-18 09:30:00
2014-08-20,09:30:00,Stock,三安光电(600703.XSHG),Sell,Market_Order,-100Shares,14.75,-1475,-100Shares,-,-81,6.48,Filled,2014-08-20 09:30:00
2014-08-21,09:30:00,Stock,三安光电(600703.XSHG),Sell,Market_Order,-100Shares,14.4,-1440,-100Shares,-,-116,6.44,Filled,2014-08-21 09:30:00
2014-08-27,09:30:00,Stock,深圳能源(000027.XSHE),Sell,Market_Order,-3400Shares,6.38,-21692,-3400Shares,-,306,28.2,Filled,2014-08-27 09:30:00
2014-08-27,09:30:00,Stock,上海机场(600009.XSHG),Sell,Market_Order,-1500Shares,13.6,-20400,-1500Shares,-,-375,26.52,Filled,2014-08-27 09:30:00
2014-08-27,09:30:00,Stock,中恒集团(600252.XSHG),Sell,Market_Order,-1600Shares,12.75,-20400,-1600Shares,-,-688,26.52,Filled,2014-08-27 09:30:00
2014-08-27,09:30:00,Stock,东阿阿胶(000423.XSHE),Sell,Market_Order,-500Shares,35,-17500,-500Shares,-,-630,22.75,Filled,2014-08-27 09:30:00
2014-08-27,09:30:00,Stock,川投能源(600674.XSHG),Buy,Market_Order,1500Shares,13.45,20175,1500Shares,-,0,6.05,Filled,2014-08-27 09:30:00
2014-08-27,09:30:00,Stock,海油工程(600583.XSHG),Buy,Market_Order,2600Shares,7.79,20254,2600Shares,-,0,6.08,Filled,2014-08-27 09:30:00
2014-08-27,09:30:00,Stock,长江电力(600900.XSHG),Buy,Market_Order,2800Shares,7.32,20496,2800Shares,-,0,6.15,Filled,2014-08-27 09:30:00
2014-08-27,09:30:00,Stock,洋河Shares份(002304.XSHE),Buy,Market_Order,300Shares,63.05,18915,300Shares,-,0,5.67,Filled,2014-08-27 09:30:00
2014-08-27,09:30:00,Stock,海宁皮城(002344.XSHE),Buy,Market_Order,1400Shares,14.16,19824,1400Shares,-,0,5.95,Filled,2014-08-27 09:30:00
2014-09-11,09:30:00,Stock,川投能源(600674.XSHG),Sell,Market_Order,-1500Shares,15.79,-23685,-1500Shares,-,3510,30.79,Filled,2014-09-11 09:30:00
2014-09-11,09:30:00,Stock,洋河Shares份(002304.XSHE),Sell,Market_Order,-300Shares,66.6,-19980,-300Shares,-,1065,25.97,Filled,2014-09-11 09:30:00
2014-09-11,09:30:00,Stock,海宁皮城(002344.XSHE),Sell,Market_Order,-1400Shares,14.77,-20678,-1400Shares,-,854,26.88,Filled,2014-09-11 09:30:00
2014-09-11,09:30:00,Stock,大秦铁路(601006.XSHG),Buy,Market_Order,2800Shares,7.81,21868,2800Shares,-,0,6.56,Filled,2014-09-11 09:30:00
2014-09-11,09:30:00,Stock,上海机场(600009.XSHG),Buy,Market_Order,1500Shares,14.39,21585,1500Shares,-,0,6.48,Filled,2014-09-11 09:30:00
2014-09-11,09:30:00,Stock,海油工程(600583.XSHG),Buy,Market_Order,100Shares,8.11,811,100Shares,-,0,5,Filled,2014-09-11 09:30:00
2014-09-11,09:30:00,Stock,重庆水务(601158.XSHG),Buy,Market_Order,3900Shares,5.69,22191,3900Shares,-,0,6.66,Filled,2014-09-11 09:30:00
2014-09-11,09:30:00,Stock,长江电力(600900.XSHG),Buy,Market_Order,100Shares,7.6,760,100Shares,-,0,5,Filled,2014-09-11 09:30:00
2014-09-25,09:30:00,Stock,海油工程(600583.XSHG),Sell,Market_Order,-2700Shares,8.3,-22410,-2700Shares,-,1345,29.13,Filled,2014-09-25 09:30:00
2014-09-25,09:30:00,Stock,长江电力(600900.XSHG),Sell,Market_Order,-2900Shares,7.8,-22620,-2900Shares,-,1364,29.41,Filled,2014-09-25 09:30:00
2014-09-25,09:30:00,Stock,上海机场(600009.XSHG),Sell,Market_Order,-1500Shares,14.76,-22140,-1500Shares,-,555,28.78,Filled,2014-09-25 09:30:00
2014-09-25,09:30:00,Stock,重庆水务(601158.XSHG),Sell,Market_Order,-3900Shares,6.22,-24258,-3900Shares,-,2067,31.54,Filled,2014-09-25 09:30:00
2014-09-25,09:30:00,Stock,中恒集团(600252.XSHG),Buy,Market_Order,1600Shares,13.68,21888,1600Shares,-,0,6.57,Filled,2014-09-25 09:30:00
2014-09-25,09:30:00,Stock,吉林敖东(000623.XSHE),Buy,Market_Order,1200Shares,18.25,21900,1200Shares,-,0,6.57,Filled,2014-09-25 09:30:00
2014-09-25,09:30:00,Stock,华润三九(000999.XSHE),Buy,Market_Order,1000Shares,21.88,21880,1000Shares,-,0,6.56,Filled,2014-09-25 09:30:00
2014-09-25,09:30:00,Stock,华润双鹤(600062.XSHG),Buy,Market_Order,1200Shares,18.62,22344,1200Shares,-,0,6.7,Filled,2014-09-25 09:30:00
2014-09-25,09:30:00,Stock,大秦铁路(601006.XSHG),Buy,Market_Order,100Shares,7.81,781,100Shares,-,0,5,Filled,2014-09-25 09:30:00
2014-10-16,09:30:00,Stock,华润双鹤(600062.XSHG),Sell,Market_Order,-600Shares,23.7,-14220,-600Shares,-,3048,19.22,Filled,2014-10-16 09:30:00
2014-10-16,09:30:00,Stock,大秦铁路(601006.XSHG),Sell,Market_Order,-2900Shares,7.52,-21808,-2900Shares,-,-841,28.35,Filled,2014-10-16 09:30:00
2014-10-16,09:30:00,Stock,华润双鹤(600062.XSHG),Sell,Market_Order,-600Shares,23.7,-14220,-600Shares,-,3048,19.22,Filled,2014-10-16 09:30:00
2014-10-16,09:30:00,Stock,新和成(002001.XSHE),Buy,Market_Order,1600Shares,15.57,24912,1600Shares,-,0,7.47,Filled,2014-10-16 09:30:00
2014-10-16,09:30:00,Stock,中恒集团(600252.XSHG),Buy,Market_Order,100Shares,14.25,1425,100Shares,-,0,5,Filled,2014-10-16 09:30:00
2014-10-16,09:30:00,Stock,川投能源(600674.XSHG),Buy,Market_Order,1400Shares,17.42,24388,1400Shares,-,0,7.32,Filled,2014-10-16 09:30:00
2014-10-28,09:30:00,Stock,川投能源(600674.XSHG),Sell,Market_Order,-1400Shares,16,-22400,-1400Shares,-,-1988,29.12,Filled,2014-10-28 09:30:00
2014-10-30,09:30:00,Stock,吉林敖东(000623.XSHE),Sell,Market_Order,-1200Shares,21.15,-25380,-1200Shares,-,3480,32.99,Filled,2014-10-30 09:30:00
2014-10-30,09:30:00,Stock,华润三九(000999.XSHE),Sell,Market_Order,-1000Shares,21.72,-21720,-1000Shares,-,-160,28.24,Filled,2014-10-30 09:30:00
2014-10-30,09:30:00,Stock,新和成(002001.XSHE),Sell,Market_Order,-1600Shares,15.27,-24432,-1600Shares,-,-480,31.76,Filled,2014-10-30 09:30:00
2014-10-30,09:30:00,Stock,宁波港(601018.XSHG),Buy,Market_Order,7100Shares,3.41,24211,7100Shares,-,0,7.26,Filled,2014-10-30 09:30:00
2014-10-30,09:30:00,Stock,张裕A(000869.XSHE),Buy,Market_Order,800Shares,30.28,24224,800Shares,-,0,7.27,Filled,2014-10-30 09:30:00
2014-10-30,09:30:00,Stock,国投电力(600886.XSHG),Buy,Market_Order,3500Shares,6.81,23835,3500Shares,-,0,7.15,Filled,2014-10-30 09:30:00
2014-10-30,09:30:00,Stock,国电电力(600795.XSHG),Buy,Market_Order,9500Shares,2.56,24320,9500Shares,-,0,7.3,Filled,2014-10-30 09:30:00
2014-11-13,09:30:00,Stock,中恒集团(600252.XSHG),Sell,Market_Order,-1700Shares,14.16,-24072,-1700Shares,-,759,31.29,Filled,2014-11-13 09:30:00
2014-11-13,09:30:00,Stock,张裕A(000869.XSHE),Sell,Market_Order,-800Shares,29.6,-23680,-800Shares,-,-544,30.78,Filled,2014-11-13 09:30:00
2014-11-13,09:30:00,Stock,国投电力(600886.XSHG),Sell,Market_Order,-3500Shares,7.28,-25480,-3500Shares,-,1645,33.12,Filled,2014-11-13 09:30:00
2014-11-13,09:30:00,Stock,国电电力(600795.XSHG),Sell,Market_Order,-9500Shares,2.92,-27740,-9500Shares,-,3420,36.06,Filled,2014-11-13 09:30:00
2014-11-13,09:30:00,Stock,吉林敖东(000623.XSHE),Buy,Market_Order,1100Shares,23.15,25465,1100Shares,-,0,7.64,Filled,2014-11-13 09:30:00
2014-11-13,09:30:00,Stock,海螺水泥(600585.XSHG),Buy,Market_Order,1400Shares,17.86,25004,1400Shares,-,0,7.5,Filled,2014-11-13 09:30:00
2014-11-13,09:30:00,Stock,重庆水务(601158.XSHG),Buy,Market_Order,4100Shares,6.29,25789,4100Shares,-,0,7.74,Filled,2014-11-13 09:30:00
2014-11-13,09:30:00,Stock,上海机场(600009.XSHG),Buy,Market_Order,1500Shares,17.12,25680,1500Shares,-,0,7.7,Filled,2014-11-13 09:30:00
2014-11-13,09:30:00,Stock,宁波港(601018.XSHG),Sell,Market_Order,-300Shares,3.84,-1152,-300Shares,-,129,6.15,Filled,2014-11-13 09:30:00
2014-11-21,09:30:00,Stock,海螺水泥(600585.XSHG),Sell,Market_Order,-700Shares,16.88,-11816,-700Shares,-,-686,16.82,Filled,2014-11-21 09:30:00
2014-11-26,09:30:00,Stock,宁波港(601018.XSHG),Sell,Market_Order,-3400Shares,4.1,-13940,-3400Shares,-,2346,18.94,Filled,2014-11-26 09:30:00
2014-11-27,09:30:00,Stock,吉林敖东(000623.XSHE),Sell,Market_Order,-1100Shares,27.4,-30140,-1100Shares,-,4675,39.18,Filled,2014-11-27 09:30:00
2014-11-27,09:30:00,Stock,海螺水泥(600585.XSHG),Sell,Market_Order,-700Shares,17.8,-12460,-700Shares,-,-42,17.46,Filled,2014-11-27 09:30:00
2014-11-27,09:30:00,Stock,重庆水务(601158.XSHG),Sell,Market_Order,-4100Shares,6.84,-28044,-4100Shares,-,2255,36.46,Filled,2014-11-27 09:30:00
2014-11-27,09:30:00,Stock,中恒集团(600252.XSHG),Buy,Market_Order,1700Shares,15.4,26180,1700Shares,-,0,7.85,Filled,2014-11-27 09:30:00
2014-11-27,09:30:00,Stock,上海机场(600009.XSHG),Buy,Market_Order,100Shares,17.09,1709,100Shares,-,0,5,Filled,2014-11-27 09:30:00
2014-11-27,09:30:00,Stock,泸州老窖(000568.XSHE),Buy,Market_Order,1500Shares,17.9,26850,1500Shares,-,0,8.05,Filled,2014-11-27 09:30:00
2014-11-27,09:30:00,Stock,中国神华(601088.XSHG),Buy,Market_Order,1700Shares,15.72,26724,1700Shares,-,0,8.02,Filled,2014-11-27 09:30:00
2014-11-27,09:30:00,Stock,宁波港(601018.XSHG),Buy,Market_Order,3300Shares,4.07,13431,3300Shares,-,0,5,Filled,2014-11-27 09:30:00
2014-12-11,09:30:00,Stock,宁波港(601018.XSHG),Sell,Market_Order,-3300Shares,4.85,-16005,-3300Shares,-,3679.25,21,Filled,2014-12-11 09:30:00
2014-12-11,09:30:00,Stock,上海机场(600009.XSHG),Sell,Market_Order,-1600Shares,20.1,-32160,-1600Shares,-,4771,41.81,Filled,2014-12-11 09:30:00
2014-12-11,09:30:00,Stock,中恒集团(600252.XSHG),Sell,Market_Order,-1700Shares,17.08,-29036,-1700Shares,-,2856,37.75,Filled,2014-12-11 09:30:00
2014-12-11,09:30:00,Stock,泸州老窖(000568.XSHE),Sell,Market_Order,-1500Shares,20.2,-30300,-1500Shares,-,3450,39.39,Filled,2014-12-11 09:30:00
2014-12-11,09:30:00,Stock,中国神华(601088.XSHG),Sell,Market_Order,-1700Shares,17.62,-29954,-1700Shares,-,3230,38.94,Filled,2014-12-11 09:30:00
2014-12-11,09:30:00,Stock,宁波港(601018.XSHG),Buy,Market_Order,3000Shares,4.85,14550,3000Shares,-,0,5,Filled,2014-12-11 09:30:00
2014-12-11,09:30:00,Stock,东阿阿胶(000423.XSHE),Buy,Market_Order,800Shares,38.01,30408,800Shares,-,0,9.12,Filled,2014-12-11 09:30:00
2014-12-11,09:30:00,Stock,贵州茅台(600519.XSHG),Buy,Market_Order,100Shares,180,18000,100Shares,-,0,5.4,Filled,2014-12-11 09:30:00
2014-12-11,09:30:00,Stock,洋河Shares份(002304.XSHE),Buy,Market_Order,400Shares,70.76,28304,400Shares,-,0,8.49,Filled,2014-12-11 09:30:00
2014-12-11,09:30:00,Stock,大秦铁路(601006.XSHG),Buy,Market_Order,2900Shares,10.46,30334,2900Shares,-,0,9.1,Filled,2014-12-11 09:30:00
2014-12-25,09:30:00,Stock,宁波港(601018.XSHG),Sell,Market_Order,-6400Shares,4.53,-28992,-6400Shares,-,1742.75,37.69,Filled,2014-12-25 09:30:00
2014-12-25,09:30:00,Stock,东阿阿胶(000423.XSHE),Sell,Market_Order,-800Shares,36.38,-29104,-800Shares,-,-1304,37.84,Filled,2014-12-25 09:30:00
2014-12-25,09:30:00,Stock,贵州茅台(600519.XSHG),Sell,Market_Order,-100Shares,183.15,-18315,-100Shares,-,315,23.81,Filled,2014-12-25 09:30:00
2014-12-25,09:30:00,Stock,洋河Shares份(002304.XSHE),Sell,Market_Order,-400Shares,75.8,-30320,-400Shares,-,2016,39.42,Filled,2014-12-25 09:30:00
2014-12-25,09:30:00,Stock,大秦铁路(601006.XSHG),Buy,Market_Order,100Shares,10.3,1030,100Shares,-,0,5,Filled,2014-12-25 09:30:00
2014-12-25,09:30:00,Stock,泸州老窖(000568.XSHE),Buy,Market_Order,1400Shares,20.7,28980,1400Shares,-,0,8.69,Filled,2014-12-25 09:30:00
2014-12-25,09:30:00,Stock,五粮液(000858.XSHE),Buy,Market_Order,1400Shares,21.12,29568,1400Shares,-,0,8.87,Filled,2014-12-25 09:30:00
2014-12-25,09:30:00,Stock,中国神华(601088.XSHG),Buy,Market_Order,1600Shares,18.35,29360,1600Shares,-,0,8.81,Filled,2014-12-25 09:30:00
2014-12-25,09:30:00,Stock,上海机场(600009.XSHG),Buy,Market_Order,1600Shares,18.55,29680,1600Shares,-,0,8.9,Filled,2014-12-25 09:30:00
2015-01-06,09:30:00,Stock,中国神华(601088.XSHG),Sell,Market_Order,-800Shares,23.16,-18528,-800Shares,-,3848,24.09,Filled,2015-01-06 09:30:00
2015-01-07,09:30:00,Stock,中国神华(601088.XSHG),Sell,Market_Order,-400Shares,22.22,-8888,-400Shares,-,1548,13.89,Filled,2015-01-07 09:30:00
2015-01-08,09:30:00,Stock,中国神华(601088.XSHG),Sell,Market_Order,-200Shares,22.7,-4540,-200Shares,-,870,9.54,Filled,2015-01-08 09:30:00
2015-01-12,09:30:00,Stock,泸州老窖(000568.XSHE),Sell,Market_Order,-700Shares,19.5,-13650,-700Shares,-,-840,18.65,Filled,2015-01-12 09:30:00
2015-01-12,09:30:00,Stock,泸州老窖(000568.XSHE),Sell,Market_Order,-700Shares,19.5,-13650,-700Shares,-,-840,18.65,Filled,2015-01-12 09:30:00
2015-01-12,09:30:00,Stock,中国神华(601088.XSHG),Sell,Market_Order,-200Shares,21.36,-4272,-200Shares,-,602,9.27,Filled,2015-01-12 09:30:00
2015-01-12,09:30:00,Stock,上海机场(600009.XSHG),Sell,Market_Order,-1600Shares,19.85,-31760,-1600Shares,-,2080,41.29,Filled,2015-01-12 09:30:00
2015-01-12,09:30:00,Stock,川投能源(600674.XSHG),Buy,Market_Order,1600Shares,20.78,33248,1600Shares,-,0,9.97,Filled,2015-01-12 09:30:00
2015-01-12,09:30:00,Stock,贵州茅台(600519.XSHG),Buy,Market_Order,100Shares,190,19000,100Shares,-,0,5.7,Filled,2015-01-12 09:30:00
2015-01-12,09:30:00,Stock,三安光电(600703.XSHG),Buy,Market_Order,2100Shares,15.6,32760,2100Shares,-,0,9.83,Filled,2015-01-12 09:30:00
2015-01-20,09:30:00,Stock,贵州茅台(600519.XSHG),Sell,Market_Order,-100Shares,176.02,-17602,-100Shares,-,-1398,22.88,Filled,2015-01-20 09:30:00
2015-01-26,09:30:00,Stock,大秦铁路(601006.XSHG),Sell,Market_Order,-3000Shares,10.8,-32400,-3000Shares,-,1036,42.12,Filled,2015-01-26 09:30:00
2015-01-26,09:30:00,Stock,川投能源(600674.XSHG),Sell,Market_Order,-1600Shares,21.15,-33840,-1600Shares,-,592,43.99,Filled,2015-01-26 09:30:00
2015-01-26,09:30:00,Stock,三安光电(600703.XSHG),Sell,Market_Order,-2100Shares,17.22,-36162,-2100Shares,-,3402,47.01,Filled,2015-01-26 09:30:00
2015-01-26,09:30:00,Stock,上海机场(600009.XSHG),Buy,Market_Order,1600Shares,20.5,32800,1600Shares,-,0,9.84,Filled,2015-01-26 09:30:00
2015-01-26,09:30:00,Stock,雅戈尔(600177.XSHG),Buy,Market_Order,2800Shares,11.6,32480,2800Shares,-,0,9.74,Filled,2015-01-26 09:30:00
2015-01-26,09:30:00,Stock,片仔癀(600436.XSHG),Buy,Market_Order,300Shares,94.78,28434,300Shares,-,0,8.53,Filled,2015-01-26 09:30:00
2015-01-26,09:30:00,Stock,新和成(002001.XSHE),Buy,Market_Order,2100Shares,15.37,32277,2100Shares,-,0,9.68,Filled,2015-01-26 09:30:00
2015-02-09,09:30:00,Stock,新和成(002001.XSHE),Sell,Market_Order,-1000Shares,14.48,-14480,-1000Shares,-,-890,19.48,Filled,2015-02-09 09:30:00
2015-02-09,09:30:00,Stock,五粮液(000858.XSHE),Sell,Market_Order,-900Shares,20.34,-18306,-900Shares,-,-702,23.8,Filled,2015-02-09 09:30:00
2015-02-09,09:30:00,Stock,上海机场(600009.XSHG),Sell,Market_Order,-1100Shares,20,-22000,-1100Shares,-,-550,28.6,Filled,2015-02-09 09:30:00
2015-02-09,09:30:00,Stock,雅戈尔(600177.XSHG),Sell,Market_Order,-1900Shares,11.67,-22173,-1900Shares,-,133,28.82,Filled,2015-02-09 09:30:00
2015-02-09,09:30:00,Stock,新和成(002001.XSHE),Sell,Market_Order,-700Shares,14.48,-10136,-700Shares,-,-623,15.14,Filled,2015-02-09 09:30:00
2015-02-09,09:30:00,Stock,五粮液(000858.XSHE),Sell,Market_Order,-500Shares,20.34,-10170,-500Shares,-,-390,15.17,Filled,2015-02-09 09:30:00
2015-02-09,09:30:00,Stock,上海机场(600009.XSHG),Sell,Market_Order,-500Shares,20,-10000,-500Shares,-,-250,15,Filled,2015-02-09 09:30:00
2015-02-09,09:30:00,Stock,片仔癀(600436.XSHG),Sell,Market_Order,-300Shares,99.77,-29931,-300Shares,-,1497,38.91,Filled,2015-02-09 09:30:00
2015-02-09,09:30:00,Stock,新和成(002001.XSHE),Sell,Market_Order,-400Shares,14.48,-5792,-400Shares,-,-356,10.79,Filled,2015-02-09 09:30:00
2015-02-09,09:30:00,Stock,长城汽车(601633.XSHG),Buy,Market_Order,600Shares,48.3,28980,600Shares,-,0,8.69,Filled,2015-02-09 09:30:00
2015-02-09,09:30:00,Stock,东方园林(002310.XSHE),Buy,Market_Order,1600Shares,19.46,31136,1600Shares,-,0,9.34,Filled,2015-02-09 09:30:00
2015-02-09,09:30:00,Stock,雅戈尔(600177.XSHG),Buy,Market_Order,1900Shares,11.67,22173,1900Shares,-,0,6.65,Filled,2015-02-09 09:30:00
2015-02-09,09:30:00,Stock,海宁皮城(002344.XSHE),Buy,Market_Order,1900Shares,16.74,31806,1900Shares,-,0,9.54,Filled,2015-02-09 09:30:00
2015-02-09,09:30:00,Stock,贵州茅台(600519.XSHG),Buy,Market_Order,100Shares,175.77,17577,100Shares,-,0,5.27,Filled,2015-02-09 09:30:00
2015-03-02,09:30:00,Stock,雅戈尔(600177.XSHG),Sell,Market_Order,-2800Shares,12.84,-35952,-2800Shares,-,3339,46.74,Filled,2015-03-02 09:30:00
2015-03-02,09:30:00,Stock,长城汽车(601633.XSHG),Sell,Market_Order,-600Shares,48.98,-29388,-600Shares,-,408,38.2,Filled,2015-03-02 09:30:00
2015-03-02,09:30:00,Stock,东方园林(002310.XSHE),Sell,Market_Order,-1600Shares,19.83,-31728,-1600Shares,-,592,41.25,Filled,2015-03-02 09:30:00
2015-03-02,09:30:00,Stock,海宁皮城(002344.XSHE),Sell,Market_Order,-1900Shares,17.31,-32889,-1900Shares,-,1083,42.76,Filled,2015-03-02 09:30:00
2015-03-02,09:30:00,Stock,威孚高科(000581.XSHE),Buy,Market_Order,0Shares,--,0,1000Shares,-,0,0,Order_Cancelled,2015-03-02 09:30:00
2015-03-02,09:30:00,Stock,万华化学(600309.XSHG),Buy,Market_Order,1500Shares,22.29,33435,1500Shares,-,0,10.03,Filled,2015-03-02 09:30:00
2015-03-02,09:30:00,Stock,三安光电(600703.XSHG),Buy,Market_Order,1900Shares,17.4,33060,1900Shares,-,0,9.92,Filled,2015-03-02 09:30:00
2015-03-02,09:30:00,Stock,福耀玻璃(600660.XSHG),Buy,Market_Order,2200Shares,15.01,33022,2200Shares,-,0,9.91,Filled,2015-03-02 09:30:00
2015-03-16,09:30:00,Stock,贵州茅台(600519.XSHG),Sell,Market_Order,-100Shares,190.06,-19006,-100Shares,-,1429,24.71,Filled,2015-03-16 09:30:00
2015-03-16,09:30:00,Stock,万华化学(600309.XSHG),Sell,Market_Order,-1500Shares,22.5,-33750,-1500Shares,-,315,43.88,Filled,2015-03-16 09:30:00
2015-03-16,09:30:00,Stock,三安光电(600703.XSHG),Sell,Market_Order,-1900Shares,18.11,-34409,-1900Shares,-,1349,44.73,Filled,2015-03-16 09:30:00
2015-03-16,09:30:00,Stock,福耀玻璃(600660.XSHG),Sell,Market_Order,-2200Shares,14.58,-32076,-2200Shares,-,-946,41.7,Filled,2015-03-16 09:30:00
2015-03-16,09:30:00,Stock,中恒集团(600252.XSHG),Buy,Market_Order,1900Shares,17.95,34105,1900Shares,-,0,10.23,Filled,2015-03-16 09:30:00
2015-03-16,09:30:00,Stock,大秦铁路(601006.XSHG),Buy,Market_Order,3200Shares,10.62,33984,3200Shares,-,0,10.2,Filled,2015-03-16 09:30:00
2015-03-16,09:30:00,Stock,五粮液(000858.XSHE),Buy,Market_Order,1500Shares,21.77,32655,1500Shares,-,0,9.8,Filled,2015-03-16 09:30:00
2015-03-16,09:30:00,Stock,川投能源(600674.XSHG),Buy,Market_Order,1600Shares,21.3,34080,1600Shares,-,0,10.22,Filled,2015-03-16 09:30:00
2015-03-16,09:30:00,Stock,海油工程(600583.XSHG),Buy,Market_Order,3400Shares,9.99,33966,3400Shares,-,0,10.19,Filled,2015-03-16 09:30:00
2015-03-27,09:30:00,Stock,海油工程(600583.XSHG),Sell,Market_Order,-1700Shares,12.35,-20995,-1700Shares,-,4012,27.29,Filled,2015-03-27 09:30:00
2015-03-30,09:30:00,Stock,海油工程(600583.XSHG),Sell,Market_Order,-800Shares,12.18,-9744,-800Shares,-,1752,14.74,Filled,2015-03-30 09:30:00
2015-03-30,09:30:00,Stock,中恒集团(600252.XSHG),Sell,Market_Order,-1900Shares,19.95,-37905,-1900Shares,-,3800,49.28,Filled,2015-03-30 09:30:00
2015-03-30,09:30:00,Stock,大秦铁路(601006.XSHG),Sell,Market_Order,-3200Shares,10.95,-35040,-3200Shares,-,1056,45.55,Filled,2015-03-30 09:30:00
2015-03-30,09:30:00,Stock,五粮液(000858.XSHE),Sell,Market_Order,-1500Shares,23.19,-34785,-1500Shares,-,2130,45.22,Filled,2015-03-30 09:30:00
2015-03-30,09:30:00,Stock,川投能源(600674.XSHG),Sell,Market_Order,-1600Shares,22.2,-35520,-1600Shares,-,1440,46.18,Filled,2015-03-30 09:30:00
2015-03-30,09:30:00,Stock,海螺水泥(600585.XSHG),Buy,Market_Order,1600Shares,22.2,35520,1600Shares,-,0,10.66,Filled,2015-03-30 09:30:00
2015-03-30,09:30:00,Stock,许继电气(000400.XSHE),Buy,Market_Order,1300Shares,26.91,34983,1300Shares,-,0,10.49,Filled,2015-03-30 09:30:00
2015-03-30,09:30:00,Stock,宇通客车(600066.XSHG),Buy,Market_Order,1300Shares,28.2,36660,1300Shares,-,0,11,Filled,2015-03-30 09:30:00
2015-03-30,09:30:00,Stock,海油工程(600583.XSHG),Buy,Market_Order,2100Shares,12.18,25578,2100Shares,-,0,7.67,Filled,2015-03-30 09:30:00
2015-03-30,09:30:00,Stock,万科A(000002.XSHE),Buy,Market_Order,2700Shares,13.4,36180,2700Shares,-,0,10.85,Filled,2015-03-30 09:30:00
2015-04-14,09:30:00,Stock,海油工程(600583.XSHG),Sell,Market_Order,-3000Shares,13.13,-39390,-3000Shares,-,4821,51.21,Filled,2015-04-14 09:30:00
2015-04-14,09:30:00,Stock,海螺水泥(600585.XSHG),Sell,Market_Order,-1600Shares,24.24,-38784,-1600Shares,-,3264,50.42,Filled,2015-04-14 09:30:00
2015-04-14,09:30:00,Stock,许继电气(000400.XSHE),Sell,Market_Order,-1300Shares,30.94,-40222,-1300Shares,-,5239,52.29,Filled,2015-04-14 09:30:00
2015-04-14,09:30:00,Stock,宇通客车(600066.XSHG),Sell,Market_Order,-1300Shares,30.95,-40235,-1300Shares,-,3575,52.31,Filled,2015-04-14 09:30:00
2015-04-14,09:30:00,Stock,万科A(000002.XSHE),Sell,Market_Order,-2700Shares,14.33,-38691,-2700Shares,-,2511,50.3,Filled,2015-04-14 09:30:00
2015-04-14,09:30:00,Stock,五粮液(000858.XSHE),Buy,Market_Order,1600Shares,24.65,39440,1600Shares,-,0,11.83,Filled,2015-04-14 09:30:00
2015-04-14,09:30:00,Stock,大秦铁路(601006.XSHG),Buy,Market_Order,3300Shares,12.26,40458,3300Shares,-,0,12.14,Filled,2015-04-14 09:30:00
2015-04-14,09:30:00,Stock,华能国际(600011.XSHG),Buy,Market_Order,4700Shares,8.66,40702,4700Shares,-,0,12.21,Filled,2015-04-14 09:30:00
2015-04-14,09:30:00,Stock,中国神华(601088.XSHG),Buy,Market_Order,1900Shares,21.32,40508,1900Shares,-,0,12.15,Filled,2015-04-14 09:30:00
2015-04-14,09:30:00,Stock,川投能源(600674.XSHG),Buy,Market_Order,1600Shares,24.08,38528,1600Shares,-,0,11.56,Filled,2015-04-14 09:30:00
2015-04-23,09:30:00,Stock,华能国际(600011.XSHG),Sell,Market_Order,-2300Shares,11,-25300,-2300Shares,-,5382,32.89,Filled,2015-04-23 09:30:00
2015-04-24,09:30:00,Stock,华能国际(600011.XSHG),Sell,Market_Order,-1200Shares,10.5,-12600,-1200Shares,-,2208,17.6,Filled,2015-04-24 09:30:00
2015-04-27,09:30:00,Stock,华能国际(600011.XSHG),Sell,Market_Order,-600Shares,10.97,-6582,-600Shares,-,1386,11.58,Filled,2015-04-27 09:30:00
2015-04-28,09:30:00,Stock,华能国际(600011.XSHG),Sell,Market_Order,-600Shares,11.3,-6780,-600Shares,-,1584,11.78,Filled,2015-04-28 09:30:00
2015-04-28,09:30:00,Stock,五粮液(000858.XSHE),Sell,Market_Order,-1600Shares,26.85,-42960,-1600Shares,-,3520,55.85,Filled,2015-04-28 09:30:00
2015-04-28,09:30:00,Stock,大秦铁路(601006.XSHG),Sell,Market_Order,-3300Shares,14.3,-47190,-3300Shares,-,6732,61.35,Filled,2015-04-28 09:30:00
2015-04-28,09:30:00,Stock,中国神华(601088.XSHG),Sell,Market_Order,-1900Shares,24,-45600,-1900Shares,-,5092,59.28,Filled,2015-04-28 09:30:00
2015-04-28,09:30:00,Stock,金融街(000402.XSHE),Buy,Market_Order,3500Shares,13.16,46060,3500Shares,-,0,13.82,Filled,2015-04-28 09:30:00
2015-04-28,09:30:00,Stock,吉林敖东(000623.XSHE),Buy,Market_Order,1100Shares,41.1,45210,1100Shares,-,0,13.56,Filled,2015-04-28 09:30:00
2015-04-28,09:30:00,Stock,川投能源(600674.XSHG),Buy,Market_Order,100Shares,25.78,2578,100Shares,-,0,5,Filled,2015-04-28 09:30:00
2015-04-28,09:30:00,Stock,海螺水泥(600585.XSHG),Buy,Market_Order,1800Shares,25.12,45216,1800Shares,-,0,13.56,Filled,2015-04-28 09:30:00
2015-04-28,09:30:00,Stock,海油工程(600583.XSHG),Buy,Market_Order,3000Shares,15.31,45930,3000Shares,-,0,13.78,Filled,2015-04-28 09:30:00
2015-04-29,09:30:00,Stock,海油工程(600583.XSHG),Sell,Market_Order,-3000Shares,14.15,-42450,-3000Shares,-,-3480,55.18,Filled,2015-04-29 09:30:00
2015-05-06,09:30:00,Stock,海螺水泥(600585.XSHG),Sell,Market_Order,-900Shares,23.5,-21150,-900Shares,-,-1458,27.5,Filled,2015-05-06 09:30:00
2015-05-07,09:30:00,Stock,吉林敖东(000623.XSHE),Sell,Market_Order,-500Shares,38.65,-19325,-500Shares,-,-1225,25.12,Filled,2015-05-07 09:30:00
2015-05-07,09:30:00,Stock,海螺水泥(600585.XSHG),Sell,Market_Order,-900Shares,22.95,-20655,-900Shares,-,-1953,26.85,Filled,2015-05-07 09:30:00
2015-05-11,09:30:00,Stock,吉林敖东(000623.XSHE),Sell,Market_Order,-300Shares,38.9,-11670,-300Shares,-,-660,16.67,Filled,2015-05-11 09:30:00
2015-05-13,09:30:00,Stock,川投能源(600674.XSHG),Sell,Market_Order,-1700Shares,24.78,-42126,-1700Shares,-,1020,54.76,Filled,2015-05-13 09:30:00
2015-05-13,09:30:00,Stock,金融街(000402.XSHE),Sell,Market_Order,-3500Shares,13.3,-46550,-3500Shares,-,490,60.52,Filled,2015-05-13 09:30:00
2015-05-13,09:30:00,Stock,吉林敖东(000623.XSHE),Sell,Market_Order,-300Shares,40.23,-12069,-300Shares,-,-261,17.07,Filled,2015-05-13 09:30:00
2015-05-13,09:30:00,Stock,中文传媒(600373.XSHG),Buy,Market_Order,2000Shares,21.31,42620,2000Shares,-,0,12.79,Filled,2015-05-13 09:30:00
2015-05-13,09:30:00,Stock,人民网(603000.XSHG),Buy,Market_Order,700Shares,61.7,43190,700Shares,-,0,12.96,Filled,2015-05-13 09:30:00
2015-05-13,09:30:00,Stock,中南传媒(601098.XSHG),Buy,Market_Order,1700Shares,24.76,42092,1700Shares,-,0,12.63,Filled,2015-05-13 09:30:00
2015-05-13,09:30:00,Stock,长江电力(600900.XSHG),Buy,Market_Order,3400Shares,12.8,43520,3400Shares,-,0,13.06,Filled,2015-05-13 09:30:00
2015-05-13,09:30:00,Stock,中恒集团(600252.XSHG),Buy,Market_Order,1700Shares,25.45,43265,1700Shares,-,0,12.98,Filled,2015-05-13 09:30:00
2015-05-18,09:30:00,Stock,长江电力(600900.XSHG),Sell,Market_Order,-1700Shares,12.12,-20604,-1700Shares,-,-1156,26.79,Filled,2015-05-18 09:30:00
2015-05-18,09:30:00,Stock,中恒集团(600252.XSHG),Sell,Market_Order,-800Shares,24,-19200,-800Shares,-,-1160,24.96,Filled,2015-05-18 09:30:00
2015-05-19,09:30:00,Stock,长江电力(600900.XSHG),Sell,Market_Order,-800Shares,11.98,-9584,-800Shares,-,-656,14.58,Filled,2015-05-19 09:30:00
2015-05-20,09:30:00,Stock,中文传媒(600373.XSHG),Sell,Market_Order,-2000Shares,29.16,-58320,-2000Shares,-,15700,75.82,Filled,2015-05-20 09:30:00
2015-05-26,09:30:00,Stock,中南传媒(601098.XSHG),Sell,Market_Order,-800Shares,29.9,-23920,-800Shares,-,4112,31.1,Filled,2015-05-26 09:30:00
2015-05-27,09:30:00,Stock,人民网(603000.XSHG),Sell,Market_Order,-300Shares,74.98,-22494,-300Shares,-,3984,29.24,Filled,2015-05-27 09:30:00
2015-05-27,09:30:00,Stock,人民网(603000.XSHG),Sell,Market_Order,-400Shares,74.98,-29992,-400Shares,-,5312,38.99,Filled,2015-05-27 09:30:00
2015-05-27,09:30:00,Stock,中南传媒(601098.XSHG),Sell,Market_Order,-900Shares,29.6,-26640,-900Shares,-,4356,34.63,Filled,2015-05-27 09:30:00
2015-05-27,09:30:00,Stock,长江电力(600900.XSHG),Sell,Market_Order,-900Shares,13.9,-12510,-900Shares,-,990,17.51,Filled,2015-05-27 09:30:00
2015-05-27,09:30:00,Stock,福耀玻璃(600660.XSHG),Buy,Market_Order,2900Shares,17.41,50489,2900Shares,-,0,15.15,Filled,2015-05-27 09:30:00
2015-05-27,09:30:00,Stock,中恒集团(600252.XSHG),Buy,Market_Order,1000Shares,26.43,26430,1000Shares,-,0,7.93,Filled,2015-05-27 09:30:00
2015-05-27,09:30:00,Stock,华侨城A(000069.XSHE),Buy,Market_Order,4600Shares,11,50600,4600Shares,-,0,15.18,Filled,2015-05-27 09:30:00
2015-05-27,09:30:00,Stock,浙能电力(600023.XSHG),Buy,Market_Order,5300Shares,9.49,50297,5300Shares,-,0,15.09,Filled,2015-05-27 09:30:00
2015-05-27,09:30:00,Stock,上海家化(600315.XSHG),Buy,Market_Order,1000Shares,49.21,49210,1000Shares,-,0,14.76,Filled,2015-05-27 09:30:00
2015-05-29,09:30:00,Stock,福耀玻璃(600660.XSHG),Sell,Market_Order,-1400Shares,16.37,-22918,-1400Shares,-,-1456,29.79,Filled,2015-05-29 09:30:00
2015-06-01,09:30:00,Stock,福耀玻璃(600660.XSHG),Sell,Market_Order,-700Shares,16.43,-11501,-700Shares,-,-686,16.5,Filled,2015-06-01 09:30:00
2015-06-01,09:30:00,Stock,浙能电力(600023.XSHG),Sell,Market_Order,-5300Shares,12.5,-66250,-5300Shares,-,15953,86.12,Filled,2015-06-01 09:30:00
2015-06-10,09:30:00,Stock,中恒集团(600252.XSHG),Sell,Market_Order,-1900Shares,27.19,-51661,-1900Shares,-,2326,67.16,Filled,2015-06-10 09:30:00
2015-06-10,09:30:00,Stock,华侨城A(000069.XSHE),Sell,Market_Order,-4600Shares,12.14,-55844,-4600Shares,-,5244,72.6,Filled,2015-06-10 09:30:00
2015-06-10,09:30:00,Stock,上海家化(600315.XSHG),Sell,Market_Order,-1000Shares,47.8,-47800,-1000Shares,-,-1410,62.14,Filled,2015-06-10 09:30:00
2015-06-10,09:30:00,Stock,大秦铁路(601006.XSHG),Buy,Market_Order,4000Shares,13.31,53240,4000Shares,-,0,15.97,Filled,2015-06-10 09:30:00
2015-06-10,09:30:00,Stock,海油工程(600583.XSHG),Buy,Market_Order,3500Shares,15.51,54285,3500Shares,-,0,16.29,Filled,2015-06-10 09:30:00
2015-06-10,09:30:00,Stock,福耀玻璃(600660.XSHG),Buy,Market_Order,2300Shares,17.02,39146,2300Shares,-,0,11.74,Filled,2015-06-10 09:30:00
2015-06-10,09:30:00,Stock,长江电力(600900.XSHG),Buy,Market_Order,3600Shares,14.82,53352,3600Shares,-,0,16.01,Filled,2015-06-10 09:30:00
2015-06-10,09:30:00,Stock,五粮液(000858.XSHE),Buy,Market_Order,1900Shares,28.5,54150,1900Shares,-,0,16.24,Filled,2015-06-10 09:30:00
2015-06-17,09:30:00,Stock,海油工程(600583.XSHG),Sell,Market_Order,-1700Shares,14.48,-24616,-1700Shares,-,-1360,32,Filled,2015-06-17 09:30:00
2015-06-19,09:30:00,Stock,福耀玻璃(600660.XSHG),Sell,Market_Order,-3100Shares,15.68,-48608,-3100Shares,-,-4466,63.19,Filled,2015-06-19 09:30:00
2015-06-19,09:30:00,Stock,海油工程(600583.XSHG),Sell,Market_Order,-900Shares,14.4,-12960,-900Shares,-,-792,17.96,Filled,2015-06-19 09:30:00
2015-06-23,09:30:00,Stock,海油工程(600583.XSHG),Sell,Market_Order,-400Shares,14.41,-5764,-400Shares,-,-348,10.76,Filled,2015-06-23 09:30:00
2015-06-25,09:30:00,Stock,五粮液(000858.XSHE),Sell,Market_Order,-1900Shares,33,-62700,-1900Shares,-,9690,81.51,Filled,2015-06-25 09:30:00
2015-06-25,09:30:00,Stock,川投能源(600674.XSHG),Buy,Market_Order,1700Shares,31.79,54043,1700Shares,-,0,16.21,Filled,2015-06-25 09:30:00
2015-06-25,09:30:00,Stock,海油工程(600583.XSHG),Buy,Market_Order,2800Shares,16.64,46592,2800Shares,-,0,13.98,Filled,2015-06-25 09:30:00
2015-06-25,09:30:00,Stock,中国神华(601088.XSHG),Buy,Market_Order,2400Shares,22.66,54384,2400Shares,-,0,16.32,Filled,2015-06-25 09:30:00
2015-06-26,09:30:00,Stock,海油工程(600583.XSHG),Sell,Market_Order,-1600Shares,15.61,-24976,-1600Shares,-,-1318.3,32.47,Filled,2015-06-26 09:30:00
2015-06-26,09:30:00,Stock,川投能源(600674.XSHG),Sell,Market_Order,-3400Shares,14.1,-47940,-3400Shares,-,-5593,62.32,Filled,2015-06-26 09:30:00
2015-06-26,09:30:00,Stock,中国神华(601088.XSHG),Sell,Market_Order,-2400Shares,20.92,-50208,-2400Shares,-,-4176,65.27,Filled,2015-06-26 09:30:00
2015-06-26,09:30:00,Stock,大秦铁路(601006.XSHG),Sell,Market_Order,-2800Shares,12.75,-35700,-2800Shares,-,-224,46.41,Filled,2015-06-26 09:30:00
2015-06-26,09:30:00,Stock,海油工程(600583.XSHG),Sell,Market_Order,-1100Shares,15.61,-17171,-1100Shares,-,-906.33,22.32,Filled,2015-06-26 09:30:00
2015-06-29,09:30:00,Stock,大秦铁路(601006.XSHG),Sell,Market_Order,-800Shares,12.9,-10320,-800Shares,-,56,15.32,Filled,2015-06-29 09:30:00
2015-06-29,09:30:00,Stock,海油工程(600583.XSHG),Sell,Market_Order,-400Shares,16,-6400,-400Shares,-,-173.58,11.4,Filled,2015-06-29 09:30:00
2015-06-30,09:30:00,Stock,大秦铁路(601006.XSHG),Sell,Market_Order,-200Shares,13.35,-2670,-200Shares,-,104,7.67,Filled,2015-06-30 09:30:00
2015-07-02,09:30:00,Stock,海油工程(600583.XSHG),Sell,Market_Order,-100Shares,15.59,-1559,-100Shares,-,-84.39,6.56,Filled,2015-07-02 09:30:00
2015-07-03,09:30:00,Stock,大秦铁路(601006.XSHG),Sell,Market_Order,-200Shares,11.3,-2260,-200Shares,-,-306,7.26,Filled,2015-07-03 09:30:00
2015-07-03,09:30:00,Stock,海油工程(600583.XSHG),Sell,Market_Order,-0Shares,--,0,-100Shares,-,-0,0,Order_Cancelled,2015-07-03 09:30:00
2015-07-06,09:30:00,Stock,海油工程(600583.XSHG),Sell,Market_Order,-100Shares,14.6,-1460,-100Shares,-,-183.39,6.46,Filled,2015-07-06 09:30:00
2015-07-16,09:30:00,Stock,贵州茅台(600519.XSHG),Buy,Market_Order,200Shares,251.26,50252,200Shares,-,0,15.08,Filled,2015-07-16 09:30:00
2015-07-16,09:30:00,Stock,万科A(000002.XSHE),Buy,Market_Order,3500Shares,14.71,51485,3500Shares,-,0,15.45,Filled,2015-07-16 09:30:00
2015-07-16,09:30:00,Stock,青岛海尔(600690.XSHG),Buy,Market_Order,3700Shares,13.71,50727,3700Shares,-,0,15.22,Filled,2015-07-16 09:30:00
2015-07-16,09:30:00,Stock,美的集团(000333.XSHE),Buy,Market_Order,1400Shares,36,50400,1400Shares,-,0,15.12,Filled,2015-07-16 09:30:00
2015-07-21,09:30:00,Stock,万科A(000002.XSHE),Sell,Market_Order,-2400Shares,14.77,-35448,-2400Shares,-,1344,46.08,Filled,2015-07-21 09:30:00
2015-07-21,09:30:00,Stock,青岛海尔(600690.XSHG),Sell,Market_Order,-2500Shares,13.52,-33800,-2500Shares,-,-475,43.94,Filled,2015-07-21 09:30:00
2015-07-21,09:30:00,Stock,美的集团(000333.XSHE),Sell,Market_Order,-900Shares,35.06,-31554,-900Shares,-,-846,41.02,Filled,2015-07-21 09:30:00
2015-07-22,09:30:00,Stock,万科A(000002.XSHE),Sell,Market_Order,-700Shares,14.51,-10157,-700Shares,-,210,15.16,Filled,2015-07-22 09:30:00
2015-07-22,09:30:00,Stock,青岛海尔(600690.XSHG),Sell,Market_Order,-800Shares,13.1,-10480,-800Shares,-,-488,15.48,Filled,2015-07-22 09:30:00
2015-07-22,09:30:00,Stock,美的集团(000333.XSHE),Sell,Market_Order,-300Shares,35.41,-10623,-300Shares,-,-177,15.62,Filled,2015-07-22 09:30:00
2015-07-23,09:30:00,Stock,万科A(000002.XSHE),Sell,Market_Order,-200Shares,14.54,-2908,-200Shares,-,66,7.91,Filled,2015-07-23 09:30:00
2015-07-23,09:30:00,Stock,青岛海尔(600690.XSHG),Sell,Market_Order,-200Shares,13.15,-2630,-200Shares,-,-112,7.63,Filled,2015-07-23 09:30:00
2015-07-23,09:30:00,Stock,贵州茅台(600519.XSHG),Sell,Market_Order,-220Shares,217.99,-47957.8,-220Shares,-,-1419.4,62.35,Filled,2015-07-23 09:30:00
2015-07-23,09:30:00,Stock,万科A(000002.XSHE),Sell,Market_Order,-200Shares,14.54,-2908,-200Shares,-,66,7.91,Filled,2015-07-23 09:30:00
2015-07-23,09:30:00,Stock,青岛海尔(600690.XSHG),Sell,Market_Order,-200Shares,13.15,-2630,-200Shares,-,-112,7.63,Filled,2015-07-23 09:30:00
2015-07-23,09:30:00,Stock,美的集团(000333.XSHE),Sell,Market_Order,-200Shares,34.3,-6860,-200Shares,-,-340,11.86,Filled,2015-07-23 09:30:00
2015-07-23,09:30:00,Stock,浙江龙盛(600352.XSHG),Buy,Market_Order,3500Shares,14.67,51345,3500Shares,-,0,15.4,Filled,2015-07-23 09:30:00
2015-07-23,09:30:00,Stock,福耀玻璃(600660.XSHG),Buy,Market_Order,3600Shares,14.05,50580,3600Shares,-,0,15.17,Filled,2015-07-23 09:30:00
2015-07-23,09:30:00,Stock,人民网(603000.XSHG),Buy,Market_Order,2000Shares,25.64,51280,2000Shares,-,0,15.38,Filled,2015-07-23 09:30:00
2015-07-23,09:30:00,Stock,双汇发展(000895.XSHE),Buy,Market_Order,2300Shares,21.7,49910,2300Shares,-,0,14.97,Filled,2015-07-23 09:30:00
2015-07-27,09:30:00,Stock,浙江龙盛(600352.XSHG),Sell,Market_Order,-1700Shares,13.81,-23477,-1700Shares,-,-1462,30.52,Filled,2015-07-27 09:30:00
2015-07-27,09:30:00,Stock,浙江龙盛(600352.XSHG),Sell,Market_Order,-1200Shares,13.81,-16572,-1200Shares,-,-1032,21.57,Filled,2015-07-27 09:30:00
2015-07-27,09:30:00,Stock,福耀玻璃(600660.XSHG),Sell,Market_Order,-2500Shares,13.91,-34775,-2500Shares,-,-350,45.21,Filled,2015-07-27 09:30:00
2015-07-27,09:30:00,Stock,人民网(603000.XSHG),Sell,Market_Order,-1400Shares,26.02,-36428,-1400Shares,-,532,47.36,Filled,2015-07-27 09:30:00
2015-07-27,09:30:00,Stock,双汇发展(000895.XSHE),Sell,Market_Order,-1600Shares,20.9,-33440,-1600Shares,-,-1280,43.47,Filled,2015-07-27 09:30:00
2015-07-28,09:30:00,Stock,浙江龙盛(600352.XSHG),Sell,Market_Order,-600Shares,12.03,-7218,-600Shares,-,-1584,12.22,Filled,2015-07-28 09:30:00
2015-07-28,09:30:00,Stock,福耀玻璃(600660.XSHG),Sell,Market_Order,-1100Shares,12.44,-13684,-1100Shares,-,-1771,18.68,Filled,2015-07-28 09:30:00
2015-07-28,09:30:00,Stock,人民网(603000.XSHG),Sell,Market_Order,-600Shares,22.8,-13680,-600Shares,-,-1704,18.68,Filled,2015-07-28 09:30:00
2015-07-28,09:30:00,Stock,双汇发展(000895.XSHE),Sell,Market_Order,-700Shares,18.83,-13181,-700Shares,-,-2009,18.18,Filled,2015-07-28 09:30:00
2015-08-06,09:30:00,Stock,中恒集团(600252.XSHG),Buy,Market_Order,2000Shares,24.2,48400,2000Shares,-,0,14.52,Filled,2015-08-06 09:30:00
2015-08-06,09:30:00,Stock,川投能源(600674.XSHG),Buy,Market_Order,4200Shares,11.66,48972,4200Shares,-,0,14.69,Filled,2015-08-06 09:30:00
2015-08-06,09:30:00,Stock,东阿阿胶(000423.XSHE),Buy,Market_Order,1000Shares,49,49000,1000Shares,-,0,14.7,Filled,2015-08-06 09:30:00
2015-08-06,09:30:00,Stock,京能电力(600578.XSHG),Buy,Market_Order,7000Shares,6.62,46340,7000Shares,-,0,13.9,Filled,2015-08-06 09:30:00
2015-08-07,09:30:00,Stock,中恒集团(600252.XSHG),Sell,Market_Order,-1400Shares,24.8,-34720,-1400Shares,-,840,45.14,Filled,2015-08-07 09:30:00
2015-08-07,09:30:00,Stock,川投能源(600674.XSHG),Sell,Market_Order,-2900Shares,11.8,-34220,-2900Shares,-,406,44.49,Filled,2015-08-07 09:30:00
2015-08-07,09:30:00,Stock,东阿阿胶(000423.XSHE),Sell,Market_Order,-700Shares,49.2,-34440,-700Shares,-,700,44.77,Filled,2015-08-07 09:30:00
2015-08-07,09:30:00,Stock,京能电力(600578.XSHG),Sell,Market_Order,-4900Shares,6.68,-32732,-4900Shares,-,294,42.55,Filled,2015-08-07 09:30:00
2015-08-10,09:30:00,Stock,中恒集团(600252.XSHG),Sell,Market_Order,-400Shares,25.66,-10264,-400Shares,-,584,15.26,Filled,2015-08-10 09:30:00
2015-08-10,09:30:00,Stock,川投能源(600674.XSHG),Sell,Market_Order,-900Shares,12.06,-10854,-900Shares,-,360,15.85,Filled,2015-08-10 09:30:00
2015-08-10,09:30:00,Stock,京能电力(600578.XSHG),Sell,Market_Order,-1400Shares,6.9,-9660,-1400Shares,-,392,14.66,Filled,2015-08-10 09:30:00
2015-08-11,09:30:00,Stock,川投能源(600674.XSHG),Sell,Market_Order,-200Shares,12.44,-2488,-200Shares,-,156,7.49,Filled,2015-08-11 09:30:00
2015-08-11,09:30:00,Stock,京能电力(600578.XSHG),Sell,Market_Order,-400Shares,7.13,-2852,-400Shares,-,204,7.85,Filled,2015-08-11 09:30:00
2015-08-21,09:30:00,Stock,中恒集团(600252.XSHG),Sell,Market_Order,-100Shares,22.9,-2290,-100Shares,-,-130,7.29,Filled,2015-08-21 09:30:00
2015-08-24,09:30:00,Stock,中恒集团(600252.XSHG),Sell,Market_Order,-100Shares,21.03,-2103,-100Shares,-,-317,7.1,Filled,2015-08-24 09:30:00
2015-08-24,09:30:00,Stock,川投能源(600674.XSHG),Sell,Market_Order,-200Shares,10.66,-2132,-200Shares,-,-200,7.13,Filled,2015-08-24 09:30:00
2015-08-24,09:30:00,Stock,东阿阿胶(000423.XSHE),Sell,Market_Order,-300Shares,44.2,-13260,-300Shares,-,-1200,18.26,Filled,2015-08-24 09:30:00
2015-08-24,09:30:00,Stock,京能电力(600578.XSHG),Sell,Market_Order,-300Shares,6.06,-1818,-300Shares,-,-168,6.82,Filled,2015-08-24 09:30:00
2015-08-27,09:30:00,Stock,上海机场(600009.XSHG),Buy,Market_Order,1900Shares,25.41,48279,1900Shares,-,0,14.48,Filled,2015-08-27 09:30:00
2015-08-27,09:30:00,Stock,贵州茅台(600519.XSHG),Buy,Market_Order,200Shares,190,38000,200Shares,-,0,11.4,Filled,2015-08-27 09:30:00
2015-08-27,09:30:00,Stock,上港集团(600018.XSHG),Buy,Market_Order,6900Shares,7.16,49404,6900Shares,-,0,14.82,Filled,2015-08-27 09:30:00
2015-08-27,09:30:00,Stock,城投控Shares(600649.XSHG),Buy,Market_Order,3900Shares,12.65,49335,3900Shares,-,0,14.8,Filled,2015-08-27 09:30:00
2015-08-27,09:30:00,Stock,宇通客车(600066.XSHG),Buy,Market_Order,500Shares,18,9000,500Shares,-,0,5,Filled,2015-08-27 09:30:00
2015-08-28,09:30:00,Stock,上海机场(600009.XSHG),Sell,Market_Order,-1300Shares,27.99,-36387,-1300Shares,-,3354,47.3,Filled,2015-08-28 09:30:00
2015-08-28,09:30:00,Stock,上港集团(600018.XSHG),Sell,Market_Order,-4800Shares,7.28,-34944,-4800Shares,-,576,45.43,Filled,2015-08-28 09:30:00
2015-08-28,09:30:00,Stock,城投控Shares(600649.XSHG),Sell,Market_Order,-2700Shares,13.15,-35505,-2700Shares,-,1350,46.16,Filled,2015-08-28 09:30:00
2015-08-28,09:30:00,Stock,宇通客车(600066.XSHG),Sell,Market_Order,-300Shares,19.02,-5706,-300Shares,-,306,10.71,Filled,2015-08-28 09:30:00
2015-08-31,09:30:00,Stock,上海机场(600009.XSHG),Sell,Market_Order,-400Shares,27.82,-11128,-400Shares,-,964,16.13,Filled,2015-08-31 09:30:00
2015-08-31,09:30:00,Stock,上港集团(600018.XSHG),Sell,Market_Order,-1400Shares,7.27,-10178,-1400Shares,-,154,15.18,Filled,2015-08-31 09:30:00
2015-08-31,09:30:00,Stock,城投控Shares(600649.XSHG),Sell,Market_Order,-800Shares,13.65,-10920,-800Shares,-,800,15.92,Filled,2015-08-31 09:30:00
2015-09-01,09:30:00,Stock,上港集团(600018.XSHG),Sell,Market_Order,-400Shares,7.58,-3032,-400Shares,-,168,8.03,Filled,2015-09-01 09:30:00
2015-09-01,09:30:00,Stock,城投控Shares(600649.XSHG),Sell,Market_Order,-200Shares,13.15,-2630,-200Shares,-,100,7.63,Filled,2015-09-01 09:30:00
2015-09-02,09:30:00,Stock,上港集团(600018.XSHG),Sell,Market_Order,-300Shares,6.6,-1980,-300Shares,-,-168,6.98,Filled,2015-09-02 09:30:00
2015-09-07,09:30:00,Stock,上海机场(600009.XSHG),Sell,Market_Order,-200Shares,26.77,-5354,-200Shares,-,272,10.35,Filled,2015-09-07 09:30:00
2015-09-07,09:30:00,Stock,宇通客车(600066.XSHG),Sell,Market_Order,-200Shares,18.39,-3678,-200Shares,-,78,8.68,Filled,2015-09-07 09:30:00
2015-09-07,09:30:00,Stock,上港集团(600018.XSHG),Buy,Market_Order,6800Shares,7.5,51000,6800Shares,-,0,15.3,Filled,2015-09-07 09:30:00
2015-09-07,09:30:00,Stock,粤电力A(000539.XSHE),Buy,Market_Order,6300Shares,8.08,50904,6300Shares,-,0,15.27,Filled,2015-09-07 09:30:00
2015-09-07,09:30:00,Stock,福耀玻璃(600660.XSHG),Buy,Market_Order,4000Shares,12.48,49920,4000Shares,-,0,14.98,Filled,2015-09-07 09:30:00
2015-09-07,09:30:00,Stock,城投控Shares(600649.XSHG),Buy,Market_Order,700Shares,13,9100,700Shares,-,0,5,Filled,2015-09-07 09:30:00
2015-09-08,09:30:00,Stock,城投控Shares(600649.XSHG),Sell,Market_Order,-600Shares,13.11,-7866,-600Shares,-,112.67,12.87,Filled,2015-09-08 09:30:00
2015-09-08,09:30:00,Stock,上港集团(600018.XSHG),Sell,Market_Order,-4700Shares,7.3,-34310,-4700Shares,-,-940,44.6,Filled,2015-09-08 09:30:00
2015-09-08,09:30:00,Stock,粤电力A(000539.XSHE),Sell,Market_Order,-4400Shares,7.98,-35112,-4400Shares,-,-440,45.65,Filled,2015-09-08 09:30:00
2015-09-08,09:30:00,Stock,福耀玻璃(600660.XSHG),Sell,Market_Order,-2800Shares,11.9,-33320,-2800Shares,-,-1624,43.32,Filled,2015-09-08 09:30:00
2015-09-09,09:30:00,Stock,上港集团(600018.XSHG),Sell,Market_Order,-1400Shares,7.49,-10486,-1400Shares,-,-14,15.49,Filled,2015-09-09 09:30:00
2015-09-09,09:30:00,Stock,粤电力A(000539.XSHE),Sell,Market_Order,-1300Shares,8.05,-10465,-1300Shares,-,-39,15.47,Filled,2015-09-09 09:30:00
2015-09-09,09:30:00,Stock,福耀玻璃(600660.XSHG),Sell,Market_Order,-800Shares,12.28,-9824,-800Shares,-,-160,14.82,Filled,2015-09-09 09:30:00
2015-09-10,09:30:00,Stock,上港集团(600018.XSHG),Sell,Market_Order,-400Shares,7.56,-3024,-400Shares,-,24,8.02,Filled,2015-09-10 09:30:00
2015-09-10,09:30:00,Stock,粤电力A(000539.XSHE),Sell,Market_Order,-400Shares,8.08,-3232,-400Shares,-,0,8.23,Filled,2015-09-10 09:30:00
2015-09-10,09:30:00,Stock,福耀玻璃(600660.XSHG),Sell,Market_Order,-200Shares,12.3,-2460,-200Shares,-,-36,7.46,Filled,2015-09-10 09:30:00
2015-09-15,09:30:00,Stock,粤电力A(000539.XSHE),Sell,Market_Order,-200Shares,7.1,-1420,-200Shares,-,-196,6.42,Filled,2015-09-15 09:30:00
2015-09-16,09:30:00,Stock,福耀玻璃(600660.XSHG),Sell,Market_Order,-100Shares,11.82,-1182,-100Shares,-,-66,6.18,Filled,2015-09-16 09:30:00
2015-09-21,09:30:00,Stock,福耀玻璃(600660.XSHG),Sell,Market_Order,-100Shares,12.01,-1201,-100Shares,-,-47,6.2,Filled,2015-09-21 09:30:00
2015-09-21,09:30:00,Stock,上海机场(600009.XSHG),Buy,Market_Order,1800Shares,27.31,49158,1800Shares,-,0,14.75,Filled,2015-09-21 09:30:00
2015-09-21,09:30:00,Stock,中南传媒(601098.XSHG),Buy,Market_Order,2500Shares,20.21,50525,2500Shares,-,0,15.16,Filled,2015-09-21 09:30:00
2015-09-21,09:30:00,Stock,上港集团(600018.XSHG),Buy,Market_Order,6600Shares,7.27,47982,6600Shares,-,0,14.39,Filled,2015-09-21 09:30:00
2015-09-21,09:30:00,Stock,海天味业(603288.XSHG),Buy,Market_Order,200Shares,31.29,6258,200Shares,-,0,5,Filled,2015-09-21 09:30:00
2015-09-22,09:30:00,Stock,上港集团(600018.XSHG),Sell,Market_Order,-4800Shares,7.46,-35808,-4800Shares,-,864,46.55,Filled,2015-09-22 09:30:00
2015-09-22,09:30:00,Stock,上海机场(600009.XSHG),Sell,Market_Order,-1200Shares,28.19,-33828,-1200Shares,-,1056,43.98,Filled,2015-09-22 09:30:00
2015-09-22,09:30:00,Stock,中南传媒(601098.XSHG),Sell,Market_Order,-1700Shares,20.95,-35615,-1700Shares,-,1258,46.3,Filled,2015-09-22 09:30:00
2015-09-23,09:30:00,Stock,上港集团(600018.XSHG),Sell,Market_Order,-1400Shares,7.3,-10220,-1400Shares,-,28,15.22,Filled,2015-09-23 09:30:00
2015-09-23,09:30:00,Stock,上海机场(600009.XSHG),Sell,Market_Order,-400Shares,27.81,-11124,-400Shares,-,200,16.12,Filled,2015-09-23 09:30:00
2015-09-23,09:30:00,Stock,中南传媒(601098.XSHG),Sell,Market_Order,-500Shares,20.69,-10345,-500Shares,-,240,15.34,Filled,2015-09-23 09:30:00
2015-09-24,09:30:00,Stock,上港集团(600018.XSHG),Sell,Market_Order,-400Shares,7.22,-2888,-400Shares,-,-24,7.89,Filled,2015-09-24 09:30:00
2015-10-12,09:30:00,Stock,城投控Shares(600649.XSHG),Sell,Market_Order,-300Shares,13.6,-4080,-300Shares,-,203.33,9.08,Filled,2015-10-12 09:30:00
2015-10-12,09:30:00,Stock,上港集团(600018.XSHG),Sell,Market_Order,-300Shares,7.15,-2145,-300Shares,-,-39,7.14,Filled,2015-10-12 09:30:00
2015-10-12,09:30:00,Stock,上海机场(600009.XSHG),Sell,Market_Order,-200Shares,28.71,-5742,-200Shares,-,280,10.74,Filled,2015-10-12 09:30:00
2015-10-12,09:30:00,Stock,中南传媒(601098.XSHG),Sell,Market_Order,-300Shares,21.1,-6330,-300Shares,-,267,11.33,Filled,2015-10-12 09:30:00
2015-10-12,09:30:00,Stock,海天味业(603288.XSHG),Sell,Market_Order,-200Shares,32.31,-6462,-200Shares,-,204,11.46,Filled,2015-10-12 09:30:00
2015-10-12,09:30:00,Stock,东华软件(002065.XSHE),Buy,Market_Order,2600Shares,19.15,49790,2600Shares,-,0,14.94,Filled,2015-10-12 09:30:00
2015-10-12,09:30:00,Stock,洋河Shares份(002304.XSHE),Buy,Market_Order,800Shares,57.89,46312,800Shares,-,0,13.89,Filled,2015-10-12 09:30:00
2015-10-12,09:30:00,Stock,福耀玻璃(600660.XSHG),Buy,Market_Order,4100Shares,12.55,51455,4100Shares,-,0,15.44,Filled,2015-10-12 09:30:00
2015-10-12,09:30:00,Stock,长城汽车(601633.XSHG),Buy,Market_Order,400Shares,35.8,14320,400Shares,-,0,5,Filled,2015-10-12 09:30:00
2015-10-15,09:30:00,Stock,东华软件(002065.XSHE),Sell,Market_Order,-1800Shares,19.77,-35586,-1800Shares,-,1116,46.26,Filled,2015-10-15 09:30:00
2015-10-15,09:30:00,Stock,洋河Shares份(002304.XSHE),Sell,Market_Order,-500Shares,60.14,-30070,-500Shares,-,1125,39.09,Filled,2015-10-15 09:30:00
2015-10-15,09:30:00,Stock,福耀玻璃(600660.XSHG),Sell,Market_Order,-2800Shares,12.6,-35280,-2800Shares,-,140,45.86,Filled,2015-10-15 09:30:00
2015-10-15,09:30:00,Stock,长城汽车(601633.XSHG),Sell,Market_Order,-800Shares,12.06,-9648,-800Shares,-,168,14.65,Filled,2015-10-15 09:30:00
2015-10-22,09:30:00,Stock,东华软件(002065.XSHE),Sell,Market_Order,-500Shares,19.72,-9860,-500Shares,-,285,14.86,Filled,2015-10-22 09:30:00
2015-10-22,09:30:00,Stock,福耀玻璃(600660.XSHG),Sell,Market_Order,-900Shares,12.8,-11520,-900Shares,-,225,16.52,Filled,2015-10-22 09:30:00
2015-10-22,09:30:00,Stock,长城汽车(601633.XSHG),Sell,Market_Order,-200Shares,11.33,-2266,-200Shares,-,-104,7.27,Filled,2015-10-22 09:30:00
2015-10-26,09:30:00,Stock,东华软件(002065.XSHE),Sell,Market_Order,-300Shares,21.61,-6483,-300Shares,-,738,11.48,Filled,2015-10-26 09:30:00
2015-10-26,09:30:00,Stock,长城汽车(601633.XSHG),Sell,Market_Order,-200Shares,12.24,-2448,-200Shares,-,78,7.45,Filled,2015-10-26 09:30:00
2015-10-26,09:30:00,Stock,吉林敖东(000623.XSHE),Buy,Market_Order,1800Shares,28.18,50724,1800Shares,-,0,15.22,Filled,2015-10-26 09:30:00
2015-10-26,09:30:00,Stock,洋河Shares份(002304.XSHE),Buy,Market_Order,500Shares,61.8,30900,500Shares,-,0,9.27,Filled,2015-10-26 09:30:00
2015-10-26,09:30:00,Stock,东阿阿胶(000423.XSHE),Buy,Market_Order,1100Shares,48.15,52965,1100Shares,-,0,15.89,Filled,2015-10-26 09:30:00
2015-10-26,09:30:00,Stock,福耀玻璃(600660.XSHG),Buy,Market_Order,800Shares,13.2,10560,800Shares,-,0,5,Filled,2015-10-26 09:30:00
2015-10-29,09:30:00,Stock,洋河Shares份(002304.XSHE),Sell,Market_Order,-500Shares,60.98,-30490,-500Shares,-,323.12,39.64,Filled,2015-10-29 09:30:00
2015-10-29,09:30:00,Stock,福耀玻璃(600660.XSHG),Sell,Market_Order,-800Shares,13.52,-10816,-800Shares,-,429.33,15.82,Filled,2015-10-29 09:30:00
2015-10-29,09:30:00,Stock,吉林敖东(000623.XSHE),Sell,Market_Order,-1200Shares,27.2,-32640,-1200Shares,-,-1176,42.43,Filled,2015-10-29 09:30:00
2015-10-29,09:30:00,Stock,东阿阿胶(000423.XSHE),Sell,Market_Order,-700Shares,45.92,-32144,-700Shares,-,-1561,41.79,Filled,2015-10-29 09:30:00
2015-11-09,09:30:00,Stock,洋河Shares份(002304.XSHE),Sell,Market_Order,-300Shares,69.22,-20766,-300Shares,-,2665.87,27,Filled,2015-11-09 09:30:00
2015-11-09,09:30:00,Stock,福耀玻璃(600660.XSHG),Sell,Market_Order,-400Shares,14.03,-5612,-400Shares,-,418.67,10.61,Filled,2015-11-09 09:30:00
2015-11-09,09:30:00,Stock,吉林敖东(000623.XSHE),Sell,Market_Order,-600Shares,32.3,-19380,-600Shares,-,2472,25.19,Filled,2015-11-09 09:30:00
2015-11-09,09:30:00,Stock,东阿阿胶(000423.XSHE),Sell,Market_Order,-400Shares,48.97,-19588,-400Shares,-,328,25.46,Filled,2015-11-09 09:30:00
2015-11-09,09:30:00,Stock,上港集团(600018.XSHG),Buy,Market_Order,7300Shares,7.37,53801,7300Shares,-,0,16.14,Filled,2015-11-09 09:30:00
2015-11-09,09:30:00,Stock,招商地产(000024.XSHE),Buy,Market_Order,1500Shares,35.75,53625,1500Shares,-,0,16.09,Filled,2015-11-09 09:30:00
2015-11-09,09:30:00,Stock,海油工程(600583.XSHG),Buy,Market_Order,5200Shares,10.35,53820,5200Shares,-,0,16.15,Filled,2015-11-09 09:30:00
2015-11-09,09:30:00,Stock,大秦铁路(601006.XSHG),Buy,Market_Order,1000Shares,9.55,9550,1000Shares,-,0,5,Filled,2015-11-09 09:30:00
2015-11-16,09:30:00,Stock,长江电力(600900.XSHG),Sell,Market_Order,-0Shares,--,0,-3600Shares,-,-0,0,Order_Cancelled,2015-11-16 09:30:00
2015-11-16,09:30:00,Stock,长江电力(600900.XSHG),Sell,Market_Order,-0Shares,--,0,-2500Shares,-,-0,0,Order_Cancelled,2015-11-16 09:30:00
2015-11-16,09:30:00,Stock,上港集团(600018.XSHG),Sell,Market_Order,-5100Shares,7.36,-37536,-5100Shares,-,-51,48.8,Filled,2015-11-16 09:30:00
2015-11-16,09:30:00,Stock,海油工程(600583.XSHG),Sell,Market_Order,-3600Shares,9.89,-35604,-3600Shares,-,-1656,46.29,Filled,2015-11-16 09:30:00
2015-11-16,09:30:00,Stock,大秦铁路(601006.XSHG),Sell,Market_Order,-700Shares,9.38,-6566,-700Shares,-,-119,11.57,Filled,2015-11-16 09:30:00
2015-11-17,09:30:00,Stock,长江电力(600900.XSHG),Sell,Market_Order,-3600Shares,13.11,-47196,-3600Shares,-,-4791.24,61.35,Filled,2015-11-17 09:30:00
2015-11-18,09:30:00,Stock,上港集团(600018.XSHG),Sell,Market_Order,-1500Shares,7.37,-11055,-1500Shares,-,0,16.06,Filled,2015-11-18 09:30:00
2015-11-18,09:30:00,Stock,海油工程(600583.XSHG),Sell,Market_Order,-1100Shares,10.1,-11110,-1100Shares,-,-275,16.11,Filled,2015-11-18 09:30:00
2015-11-19,09:30:00,Stock,上港集团(600018.XSHG),Sell,Market_Order,-400Shares,7.35,-2940,-400Shares,-,-8,7.94,Filled,2015-11-19 09:30:00
2015-11-19,09:30:00,Stock,海油工程(600583.XSHG),Sell,Market_Order,-300Shares,10.08,-3024,-300Shares,-,-81,8.02,Filled,2015-11-19 09:30:00
2015-11-23,09:30:00,Stock,贵州茅台(600519.XSHG),Sell,Market_Order,-200Shares,213,-42600,-200Shares,-,4600,55.38,Filled,2015-11-23 09:30:00
2015-11-23,09:30:00,Stock,上港集团(600018.XSHG),Sell,Market_Order,-300Shares,7.39,-2217,-300Shares,-,6,7.22,Filled,2015-11-23 09:30:00
2015-11-23,09:30:00,Stock,海油工程(600583.XSHG),Sell,Market_Order,-200Shares,10.11,-2022,-200Shares,-,-48,7.02,Filled,2015-11-23 09:30:00
2015-11-23,09:30:00,Stock,大秦铁路(601006.XSHG),Sell,Market_Order,-300Shares,9.35,-2805,-300Shares,-,-60,7.8,Filled,2015-11-23 09:30:00
2015-11-23,09:30:00,Stock,长城汽车(601633.XSHG),Buy,Market_Order,3900Shares,13.23,51597,3900Shares,-,0,15.48,Filled,2015-11-23 09:30:00
2015-11-23,09:30:00,Stock,中恒集团(600252.XSHG),Buy,Market_Order,7000Shares,7.41,51870,7000Shares,-,0,15.56,Filled,2015-11-23 09:30:00
2015-11-23,09:30:00,Stock,福耀玻璃(600660.XSHG),Buy,Market_Order,3600Shares,14.38,51768,3600Shares,-,0,15.53,Filled,2015-11-23 09:30:00
2015-11-23,09:30:00,Stock,吉林敖东(000623.XSHE),Buy,Market_Order,1600Shares,30.21,48336,1600Shares,-,0,14.5,Filled,2015-11-23 09:30:00
2015-11-23,09:30:00,Stock,浙江龙盛(600352.XSHG),Buy,Market_Order,200Shares,11.4,2280,200Shares,-,0,5,Filled,2015-11-23 09:30:00
2015-11-25,09:30:00,Stock,招商地产(000024.XSHE),Sell,Market_Order,-1000Shares,35.62,-35620,-1000Shares,-,-130,46.31,Filled,2015-11-25 09:30:00
2015-11-25,09:30:00,Stock,长城汽车(601633.XSHG),Sell,Market_Order,-2700Shares,13.58,-36666,-2700Shares,-,945,47.67,Filled,2015-11-25 09:30:00
2015-11-25,09:30:00,Stock,中恒集团(600252.XSHG),Sell,Market_Order,-4900Shares,7.17,-35133,-4900Shares,-,-1176,45.67,Filled,2015-11-25 09:30:00
2015-11-25,09:30:00,Stock,福耀玻璃(600660.XSHG),Sell,Market_Order,-2500Shares,14.13,-35325,-2500Shares,-,-625,45.92,Filled,2015-11-25 09:30:00
2015-11-25,09:30:00,Stock,吉林敖东(000623.XSHE),Sell,Market_Order,-1100Shares,30.58,-33638,-1100Shares,-,407,43.73,Filled,2015-11-25 09:30:00
2015-11-26,09:30:00,Stock,招商地产(000024.XSHE),Sell,Market_Order,-300Shares,35.3,-10590,-300Shares,-,-135,15.59,Filled,2015-11-26 09:30:00
2015-11-26,09:30:00,Stock,长城汽车(601633.XSHG),Sell,Market_Order,-800Shares,13.65,-10920,-800Shares,-,336,15.92,Filled,2015-11-26 09:30:00
2015-11-26,09:30:00,Stock,中恒集团(600252.XSHG),Sell,Market_Order,-1400Shares,7.6,-10640,-1400Shares,-,266,15.64,Filled,2015-11-26 09:30:00
2015-11-26,09:30:00,Stock,福耀玻璃(600660.XSHG),Sell,Market_Order,-700Shares,14.23,-9961,-700Shares,-,-105,14.96,Filled,2015-11-26 09:30:00
2015-11-26,09:30:00,Stock,吉林敖东(000623.XSHE),Sell,Market_Order,-300Shares,30.86,-9258,-300Shares,-,195,14.26,Filled,2015-11-26 09:30:00
2015-11-27,09:30:00,Stock,长城汽车(601633.XSHG),Sell,Market_Order,-200Shares,13,-2600,-200Shares,-,-46,7.6,Filled,2015-11-27 09:30:00
2015-11-27,09:30:00,Stock,中恒集团(600252.XSHG),Sell,Market_Order,-400Shares,7.47,-2988,-400Shares,-,24,7.99,Filled,2015-11-27 09:30:00
2015-11-27,09:30:00,Stock,福耀玻璃(600660.XSHG),Sell,Market_Order,-200Shares,14.31,-2862,-200Shares,-,-14,7.86,Filled,2015-11-27 09:30:00
2015-11-30,09:30:00,Stock,长城汽车(601633.XSHG),Sell,Market_Order,-200Shares,12.15,-2430,-200Shares,-,-216,7.43,Filled,2015-11-30 09:30:00
2015-11-30,09:30:00,Stock,吉林敖东(000623.XSHE),Sell,Market_Order,-100Shares,28.28,-2828,-100Shares,-,-193,7.83,Filled,2015-11-30 09:30:00
2015-12-01,09:30:00,Stock,吉林敖东(000623.XSHE),Sell,Market_Order,-100Shares,28.07,-2807,-100Shares,-,-214,7.81,Filled,2015-12-01 09:30:00
2015-12-07,09:30:00,Stock,招商地产(000024.XSHE),Sell,Market_Order,-200Shares,40.6,-8120,-200Shares,-,970,13.12,Filled,2015-12-07 09:30:00
2015-12-07,09:30:00,Stock,福耀玻璃(600660.XSHG),Buy,Market_Order,3200Shares,15.03,48096,3200Shares,-,0,14.43,Filled,2015-12-07 09:30:00
2015-12-07,09:30:00,Stock,浙江龙盛(600352.XSHG),Buy,Market_Order,3900Shares,12.67,49413,3900Shares,-,0,14.82,Filled,2015-12-07 09:30:00
2015-12-07,09:30:00,Stock,中恒集团(600252.XSHG),Buy,Market_Order,6100Shares,8.08,49288,6100Shares,-,0,14.79,Filled,2015-12-07 09:30:00
2015-12-07,09:30:00,Stock,同仁堂(600085.XSHG),Buy,Market_Order,1800Shares,28.3,50940,1800Shares,-,0,15.28,Filled,2015-12-07 09:30:00
2015-12-07,09:30:00,Stock,信立泰(002294.XSHE),Buy,Market_Order,1600Shares,31.79,50864,1600Shares,-,0,15.26,Filled,2015-12-07 09:30:00
2015-12-09,09:30:00,Stock,信立泰(002294.XSHE),Sell,Market_Order,-800Shares,30.12,-24096,-800Shares,-,-1336,31.32,Filled,2015-12-09 09:30:00
2015-12-11,09:30:00,Stock,信立泰(002294.XSHE),Sell,Market_Order,-400Shares,30.19,-12076,-400Shares,-,-640,17.08,Filled,2015-12-11 09:30:00
2015-12-14,09:30:00,Stock,浙江龙盛(600352.XSHG),Sell,Market_Order,-2000Shares,11.88,-23760,-2000Shares,-,-1456.1,30.89,Filled,2015-12-14 09:30:00
2015-12-14,09:30:00,Stock,同仁堂(600085.XSHG),Sell,Market_Order,-900Shares,34.15,-30735,-900Shares,-,5265,39.96,Filled,2015-12-14 09:30:00
2015-12-14,09:30:00,Stock,信立泰(002294.XSHE),Sell,Market_Order,-400Shares,29.49,-11796,-400Shares,-,-920,16.8,Filled,2015-12-14 09:30:00
2015-12-15,09:30:00,Stock,同仁堂(600085.XSHG),Sell,Market_Order,-400Shares,34.63,-13852,-400Shares,-,2532,18.85,Filled,2015-12-15 09:30:00
2015-12-16,09:30:00,Stock,同仁堂(600085.XSHG),Sell,Market_Order,-200Shares,34.17,-6834,-200Shares,-,1174,11.83,Filled,2015-12-16 09:30:00
2015-12-18,09:30:00,Stock,同仁堂(600085.XSHG),Sell,Market_Order,-100Shares,36.28,-3628,-100Shares,-,798,8.63,Filled,2015-12-18 09:30:00
2015-12-21,09:30:00,Stock,同仁堂(600085.XSHG),Sell,Market_Order,-200Shares,37.1,-7420,-200Shares,-,1760,12.42,Filled,2015-12-21 09:30:00
2015-12-21,09:30:00,Stock,中恒集团(600252.XSHG),Sell,Market_Order,-6400Shares,7.8,-49920,-6400Shares,-,-1591,64.9,Filled,2015-12-21 09:30:00
2015-12-21,09:30:00,Stock,福耀玻璃(600660.XSHG),Sell,Market_Order,-3400Shares,15.16,-51544,-3400Shares,-,572,67.01,Filled,2015-12-21 09:30:00
2015-12-21,09:30:00,Stock,浙江龙盛(600352.XSHG),Sell,Market_Order,-2100Shares,12.15,-25515,-2100Shares,-,-961.9,33.17,Filled,2015-12-21 09:30:00
2015-12-21,09:30:00,Stock,五粮液(000858.XSHE),Buy,Market_Order,2000Shares,25.88,51760,2000Shares,-,0,15.53,Filled,2015-12-21 09:30:00
2015-12-21,09:30:00,Stock,贵州茅台(600519.XSHG),Buy,Market_Order,200Shares,218,43600,200Shares,-,0,13.08,Filled,2015-12-21 09:30:00
2015-12-21,09:30:00,Stock,洋河Shares份(002304.XSHE),Buy,Market_Order,700Shares,66.97,46879,700Shares,-,0,14.06,Filled,2015-12-21 09:30:00
2015-12-21,09:30:00,Stock,东阿阿胶(000423.XSHE),Buy,Market_Order,1000Shares,51.6,51600,1000Shares,-,0,15.48,Filled,2015-12-21 09:30:00
2015-12-21,09:30:00,Stock,双汇发展(000895.XSHE),Buy,Market_Order,2700Shares,19.3,52110,2700Shares,-,0,15.63,Filled,2015-12-21 09:30:00
